,Scenario,Trial,Inspection,Interval,Time,Accumulation,Defects,Rate
0,355,1,1,6,6,2,2,60
1,355,1,2,5,11,2,2,50
2,355,1,3,3,14,3,3,30
3,355,1,4,2,16,1,0,20
4,355,1,5,6,22,4,4,60
5,355,1,6,5,27,0,0,50
6,355,1,7,6,33,3,3,60
7,355,1,8,2,35,2,2,20
8,355,1,9,6,41,2,2,60
9,355,1,10,8,49,5,5,80
10,355,1,11,7,56,3,3,70
11,355,1,12,3,59,1,1,30
12,355,1,13,6,65,5,5,60
13,355,1,14,6,71,2,0,60
14,355,1,15,4,75,2,2,40
15,355,1,16,5,80,2,2,50
16,355,1,17,4,84,0,0,40
17,355,1,18,8,92,4,4,80
18,355,1,19,3,95,3,3,30
19,355,1,20,9,104,4,4,90
20,355,1,21,9,113,7,7,90
21,355,1,22,8,121,6,6,80
22,355,1,23,4,125,3,3,40
23,355,1,24,8,133,1,1,80
24,355,1,25,4,137,1,1,40
25,355,1,26,2,139,1,1,20
26,355,1,27,8,147,4,4,80
27,355,1,28,8,155,1,1,80
28,355,1,29,3,158,2,2,30
29,355,1,30,3,161,1,1,30
30,355,1,31,9,170,5,5,90
31,355,1,32,8,178,4,4,80
32,355,1,33,6,184,6,6,60
33,355,1,34,5,189,3,3,50
34,355,1,35,6,195,3,3,60
35,355,1,36,9,204,5,5,90
36,355,1,37,9,213,3,3,90
37,355,1,38,5,218,3,3,50
38,355,1,39,3,221,0,0,30
39,355,1,40,3,224,0,0,30
40,355,1,41,4,228,1,1,40
41,355,1,42,5,233,3,3,50
42,355,1,43,2,235,1,1,20
43,355,1,44,4,239,2,2,40
44,355,1,45,6,245,1,1,60
45,355,1,46,8,253,2,2,80
46,355,1,47,6,259,1,1,60
47,355,1,48,4,263,4,4,40
48,355,1,49,2,265,1,1,20
49,355,1,50,6,271,6,6,60
50,355,1,51,9,280,5,5,90
51,355,1,52,5,285,5,5,50
52,355,1,53,8,293,1,1,80
53,355,1,54,3,296,1,1,30
54,355,1,55,6,302,8,8,60
55,355,1,56,4,306,2,2,40
56,355,1,57,5,311,2,0,50
57,355,1,58,4,315,5,5,40
58,355,1,59,9,324,4,4,90
59,355,1,60,7,331,0,0,70
60,355,1,61,3,334,1,1,30
61,355,1,62,6,340,0,0,60
62,355,1,63,3,343,3,3,30
63,355,1,64,3,346,2,2,30
64,355,1,65,4,350,0,0,40
65,355,1,66,8,358,2,2,80
66,355,1,67,2,360,0,0,20
67,355,1,68,5,365,1,1,50
68,355,1,69,6,371,2,2,60
69,355,1,70,6,377,0,0,60
70,355,1,71,8,385,1,1,80
71,355,1,72,9,394,3,3,90
72,355,1,73,3,397,2,2,30
73,355,1,74,6,403,1,1,60
74,355,1,75,7,410,5,5,70
75,355,1,76,4,414,0,0,40
76,355,1,77,7,421,4,4,70
77,355,1,78,7,428,3,3,70
78,355,1,79,2,430,1,1,20
79,355,1,80,3,433,0,0,30
80,355,1,81,7,440,5,5,70
81,355,1,82,4,444,1,1,40
82,355,1,83,6,450,2,2,60
83,355,1,84,6,456,2,2,60
84,355,1,85,4,460,4,4,40
85,355,1,86,9,469,6,6,90
86,355,1,87,7,476,5,5,70
87,355,1,88,3,479,2,2,30
88,355,1,89,5,484,6,6,50
89,355,1,90,9,493,7,7,90
90,355,1,91,6,499,4,4,60
91,355,1,92,2,501,2,2,20
92,355,1,93,7,508,1,1,70
93,355,1,94,5,513,0,0,50
94,355,1,95,8,521,3,3,80
95,355,1,96,2,523,2,2,20
96,355,1,97,9,532,1,1,90
97,355,1,98,9,541,4,4,90
98,355,1,99,2,543,0,0,20
99,355,1,100,5,548,0,0,50
100,355,1,101,8,556,3,3,80
101,355,1,102,3,559,0,0,30
102,355,1,103,2,561,2,2,20
103,355,1,104,7,568,1,1,70
104,355,1,105,5,573,4,4,50
105,355,1,106,6,579,2,2,60
106,355,1,107,2,581,1,1,20
107,355,1,108,5,586,1,1,50
108,355,1,109,9,595,6,6,90
109,355,1,110,6,601,1,1,60
110,355,1,111,6,607,2,2,60
111,355,1,112,5,612,2,2,50
112,355,1,113,2,614,1,1,20
113,355,1,114,7,621,2,2,70
114,355,1,115,5,626,0,0,50
115,355,1,116,4,630,3,3,40
116,355,1,117,8,638,7,7,80
117,355,1,118,5,643,1,1,50
118,355,1,119,4,647,3,3,40
119,355,1,120,2,649,0,0,20
120,355,1,121,6,655,4,4,60
121,355,1,122,4,659,2,2,40
122,355,1,123,6,665,3,3,60
123,355,1,124,3,668,4,4,30
124,355,1,125,8,676,4,4,80
125,355,1,126,5,681,2,2,50
126,355,1,127,2,683,1,1,20
127,355,1,128,8,691,6,1,80
128,355,1,129,3,694,6,6,30
129,355,1,130,4,698,1,1,40
130,355,1,131,7,705,6,3,70
131,355,1,132,7,712,5,4,70
132,355,1,133,7,719,6,6,70
133,355,1,134,7,726,2,2,70
134,355,1,135,7,733,6,6,70
135,355,1,136,9,742,5,5,90
136,355,1,137,4,746,1,1,40
137,355,1,138,7,753,1,1,70
138,355,1,139,4,757,2,2,40
139,355,1,140,7,764,3,3,70
140,355,1,141,8,772,3,3,80
141,355,1,142,3,775,1,1,30
142,355,1,143,9,784,1,1,90
143,355,1,144,9,793,8,8,90
144,355,1,145,7,800,1,1,70
145,355,1,146,8,808,6,6,80
146,355,1,147,5,813,1,1,50
147,355,1,148,4,817,0,0,40
148,355,1,149,4,821,1,1,40
149,355,1,150,9,830,4,4,90
150,355,1,151,6,836,5,5,60
151,355,1,152,4,840,4,2,40
152,355,1,153,4,844,3,3,40
153,355,1,154,9,853,5,5,90
154,355,1,155,6,859,2,2,60
155,355,1,156,2,861,1,1,20
156,355,1,157,4,865,2,2,40
157,355,1,158,4,869,0,0,40
158,355,1,159,6,875,2,2,60
159,355,1,160,5,880,1,1,50
160,355,1,161,3,883,1,1,30
161,355,1,162,9,892,7,7,90
162,355,1,163,9,901,6,6,90
163,355,1,164,5,906,2,2,50
164,355,1,165,2,908,0,0,20
165,355,1,166,5,913,0,0,50
166,355,1,167,7,920,6,6,70
167,355,1,168,8,928,3,2,80
168,355,1,169,5,933,3,3,50
169,355,1,170,3,936,3,3,30
170,355,1,171,9,945,11,7,90
171,355,1,172,9,954,10,10,90
172,355,1,173,2,956,2,2,20
173,355,1,174,5,961,4,4,50
174,355,1,175,8,969,1,1,80
175,355,1,176,9,978,6,6,90
176,355,1,177,7,985,3,2,70
177,355,1,178,8,993,4,4,80
178,355,1,179,7,1000,2,1,70
179,355,1,180,4,1004,1,1,40
180,355,1,181,3,1007,1,1,30
181,355,1,182,9,1016,1,1,90
182,355,1,183,8,1024,2,2,80
183,355,1,184,4,1028,1,1,40
184,355,1,185,2,1030,2,2,20
185,355,1,186,4,1034,2,2,40
186,355,1,187,4,1038,2,2,40
187,355,1,188,5,1043,1,1,50
188,355,1,189,6,1049,1,1,60
189,355,1,190,2,1051,3,3,20
190,355,1,191,2,1053,0,0,20
191,355,1,192,5,1058,2,2,50
192,355,1,193,7,1065,3,3,70
193,355,1,194,4,1069,3,3,40
194,355,1,195,4,1073,4,4,40
195,355,1,196,4,1077,2,2,40
196,355,1,197,2,1079,2,2,20
197,355,1,198,2,1081,3,3,20
198,355,1,199,6,1087,3,3,60
199,355,1,200,7,1094,4,4,70
200,355,1,201,9,1103,3,0,90
201,355,1,202,4,1107,3,3,40
202,355,1,203,2,1109,0,0,20
203,355,1,204,6,1115,3,3,60
204,355,1,205,9,1124,3,1,90
205,355,1,206,7,1131,2,2,70
206,355,1,207,2,1133,2,2,20
207,355,1,208,7,1140,2,2,70
208,355,1,209,7,1147,4,3,70
209,355,1,210,7,1154,5,5,70
210,355,1,211,2,1156,3,3,20
211,355,1,212,8,1164,5,5,80
212,355,1,213,8,1172,4,4,80
213,355,1,214,9,1181,4,4,90
214,355,1,215,2,1183,1,1,20
215,355,1,216,9,1192,5,5,90
216,355,1,217,4,1196,4,4,40
217,355,1,218,7,1203,3,1,70
218,355,1,219,2,1205,2,2,20
219,355,1,220,8,1213,4,4,80
220,355,1,221,8,1221,5,5,80
221,355,1,222,7,1228,4,4,70
222,355,1,223,5,1233,2,2,50
223,355,1,224,7,1240,4,1,70
224,355,1,225,3,1243,3,3,30
225,355,1,226,3,1246,1,1,30
226,355,1,227,2,1248,1,1,20
227,355,1,228,5,1253,4,4,50
228,355,1,229,8,1261,5,5,80
229,355,1,230,9,1270,4,4,90
230,355,1,231,6,1276,2,2,60
231,355,1,232,5,1281,2,2,50
232,355,1,233,8,1289,1,1,80
233,355,1,234,7,1296,4,4,70
234,355,1,235,5,1301,0,0,50
235,355,1,236,8,1309,6,6,80
236,355,1,237,2,1311,0,0,20
237,355,1,238,2,1313,2,2,20
238,355,1,239,5,1318,4,4,50
239,355,1,240,2,1320,0,0,20
240,355,1,241,7,1327,2,2,70
241,355,1,242,6,1333,0,0,60
242,355,1,243,5,1338,4,4,50
243,355,1,244,3,1341,1,1,30
244,355,1,245,6,1347,3,3,60
245,355,1,246,4,1351,3,3,40
246,355,1,247,2,1353,0,0,20
247,355,1,248,5,1358,2,2,50
248,355,1,249,4,1362,2,2,40
249,355,1,250,5,1367,3,3,50
250,355,1,251,3,1370,2,2,30
251,355,1,252,5,1375,3,3,50
252,355,1,253,2,1377,3,3,20
253,355,1,254,5,1382,3,3,50
254,355,1,255,9,1391,4,4,90
255,355,1,256,8,1399,4,4,80
256,355,1,257,4,1403,1,1,40
257,355,1,258,3,1406,3,3,30
258,355,1,259,6,1412,3,3,60
259,355,1,260,6,1418,3,3,60
260,355,1,261,3,1421,3,3,30
261,355,1,262,6,1427,0,0,60
262,355,1,263,7,1434,5,4,70
263,355,1,264,3,1437,3,3,30
264,355,1,265,8,1445,1,1,80
265,355,1,266,8,1453,5,5,80
266,355,1,267,6,1459,3,3,60
267,355,1,268,9,1468,3,3,90
268,355,1,269,4,1472,2,2,40
269,355,1,270,5,1477,1,1,50
270,355,1,271,9,1486,8,8,90
271,355,1,272,9,1495,4,4,90
272,355,1,273,7,1502,4,4,70
273,355,1,274,2,1504,0,0,20
274,355,1,275,2,1506,0,0,20
275,355,1,276,4,1510,3,3,40
276,355,1,277,9,1519,5,5,90
277,355,1,278,5,1524,2,2,50
278,355,1,279,3,1527,3,3,30
279,355,1,280,9,1536,5,4,90
280,355,1,281,8,1544,4,4,80
281,355,1,282,8,1552,5,5,80
282,355,1,283,8,1560,4,4,80
283,355,1,284,7,1567,5,5,70
284,355,1,285,6,1573,5,5,60
285,355,1,286,3,1576,2,2,30
286,355,1,287,9,1585,5,5,90
287,355,1,288,3,1588,2,2,30
288,355,1,289,8,1596,3,3,80
289,355,1,290,9,1605,3,3,90
290,355,1,291,7,1612,4,4,70
291,355,1,292,5,1617,1,1,50
292,355,1,293,4,1621,0,0,40
293,355,1,294,9,1630,8,3,90
294,355,1,295,7,1637,7,7,70
295,355,1,296,2,1639,2,2,20
296,355,1,297,2,1641,3,3,20
297,355,1,298,6,1647,2,2,60
298,355,1,299,8,1655,2,2,80
299,355,1,300,9,1664,5,5,90
300,355,1,301,9,1673,1,1,90
301,355,1,302,8,1681,3,3,80
302,355,1,303,6,1687,4,4,60
303,355,1,304,8,1695,2,2,80
304,355,1,305,4,1699,4,4,40
305,355,1,306,7,1706,3,3,70
306,355,1,307,3,1709,1,1,30
307,355,1,308,9,1718,3,3,90
308,355,1,309,3,1721,3,3,30
309,355,1,310,7,1728,0,0,70
310,355,1,311,6,1734,0,0,60
311,355,1,312,5,1739,6,6,50
312,355,1,313,9,1748,3,3,90
313,355,1,314,4,1752,2,2,40
314,355,1,315,2,1754,0,0,20
315,355,1,316,7,1761,1,1,70
316,355,1,317,3,1764,0,0,30
317,355,1,318,8,1772,4,4,80
318,355,1,319,8,1780,5,5,80
319,355,1,320,9,1789,2,2,90
320,355,1,321,9,1798,7,7,90
321,355,1,322,8,1806,6,6,80
322,355,1,323,7,1813,6,6,70
323,355,1,324,7,1820,2,2,70
324,355,1,325,4,1824,0,0,40
325,355,1,326,8,1832,6,6,80
326,355,1,327,6,1838,4,4,60
327,355,1,328,4,1842,1,1,40
328,355,1,329,4,1846,0,0,40
329,355,1,330,8,1854,5,5,80
330,355,1,331,4,1858,2,2,40
331,355,1,332,3,1861,2,2,30
332,355,1,333,4,1865,2,2,40
333,355,1,334,7,1872,5,5,70
334,355,1,335,5,1877,4,4,50
335,355,1,336,5,1882,3,3,50
336,355,1,337,4,1886,2,2,40
337,355,1,338,4,1890,2,2,40
338,355,1,339,7,1897,3,3,70
339,355,1,340,6,1903,1,1,60
340,355,1,341,5,1908,2,2,50
341,355,1,342,2,1910,2,2,20
342,355,1,343,3,1913,3,3,30
343,355,1,344,8,1921,5,5,80
344,355,1,345,7,1928,3,3,70
345,355,1,346,3,1931,4,4,30
346,355,1,347,4,1935,1,1,40
347,355,1,348,5,1940,2,2,50
348,355,1,349,9,1949,3,3,90
349,355,1,350,9,1958,3,3,90
350,355,1,351,2,1960,2,2,20
351,355,1,352,9,1969,1,1,90
352,355,1,353,9,1978,3,3,90
353,355,1,354,5,1983,3,3,50
354,355,1,355,3,1986,1,0,30
355,355,1,356,8,1994,3,3,80
356,355,1,357,2,1996,2,2,20
357,355,1,358,5,2001,4,4,50
358,355,1,359,9,2010,6,6,90
359,355,1,360,4,2014,1,1,40
360,355,1,361,2,2016,0,0,20
361,355,1,362,2,2018,0,0,20
362,355,1,363,8,2026,3,3,80
363,355,1,364,4,2030,5,5,40
364,355,1,365,6,2036,4,4,60
365,355,1,366,6,2042,2,2,60
366,355,1,367,3,2045,1,1,30
367,355,1,368,7,2052,4,4,70
368,355,1,369,2,2054,1,1,20
369,355,1,370,4,2058,4,4,40
370,355,1,371,4,2062,0,0,40
371,355,1,372,6,2068,5,5,60
372,355,1,373,2,2070,1,1,20
373,355,1,374,8,2078,3,3,80
374,355,1,375,5,2083,4,4,50
375,355,1,376,3,2086,0,0,30
376,355,1,377,4,2090,0,0,40
377,355,1,378,7,2097,1,1,70
378,355,1,379,9,2106,4,4,90
379,355,1,380,9,2115,7,7,90
380,355,1,381,3,2118,0,0,30
381,355,1,382,4,2122,4,4,40
382,355,1,383,9,2131,6,4,90
383,355,1,384,6,2137,3,3,60
384,355,1,385,9,2146,6,6,90
385,355,1,386,5,2151,1,1,50
386,355,1,387,8,2159,3,3,80
387,355,1,388,7,2166,2,2,70
388,355,1,389,9,2175,6,6,90
389,355,1,390,9,2184,6,4,90
390,355,1,391,9,2193,5,5,90
391,355,1,392,9,2202,5,5,90
392,355,1,393,7,2209,1,1,70
393,355,1,394,5,2214,1,1,50
394,355,1,395,3,2217,3,3,30
395,355,1,396,8,2225,3,3,80
396,355,1,397,8,2233,8,8,80
397,355,1,398,7,2240,3,3,70
398,355,1,399,8,2248,3,3,80
399,355,1,400,6,2254,5,5,60
400,355,1,401,3,2257,1,1,30
401,355,1,402,3,2260,2,2,30
402,355,1,403,2,2262,0,0,20
403,355,1,404,4,2266,3,3,40
404,355,1,405,3,2269,2,2,30
405,355,1,406,6,2275,4,1,60
406,355,1,407,2,2277,4,4,20
407,355,1,408,3,2280,0,0,30
408,355,1,409,5,2285,1,1,50
409,355,1,410,4,2289,3,3,40
410,355,1,411,2,2291,1,1,20
411,355,1,412,7,2298,5,5,70
412,355,1,413,9,2307,7,7,90
413,355,1,414,5,2312,4,4,50
414,355,1,415,7,2319,0,0,70
415,355,1,416,4,2323,2,2,40
416,355,1,417,8,2331,5,5,80
417,355,1,418,3,2334,3,3,30
418,355,1,419,8,2342,4,4,80
419,355,1,420,4,2346,2,2,40
420,355,1,421,7,2353,4,4,70
421,355,1,422,4,2357,3,3,40
422,355,1,423,2,2359,2,2,20
423,355,1,424,8,2367,2,2,80
424,355,1,425,8,2375,4,4,80
425,355,1,426,7,2382,3,3,70
426,355,1,427,2,2384,1,1,20
427,355,1,428,4,2388,1,1,40
428,355,1,429,8,2396,5,5,80
429,355,1,430,2,2398,2,2,20
430,355,1,431,4,2402,2,2,40
431,355,1,432,3,2405,1,1,30
432,355,1,433,6,2411,2,2,60
433,355,1,434,8,2419,5,5,80
434,355,1,435,5,2424,2,2,50
435,355,1,436,9,2433,1,1,90
436,355,1,437,5,2438,1,1,50
437,355,1,438,6,2444,2,2,60
438,355,1,439,5,2449,4,4,50
439,355,1,440,6,2455,2,2,60
440,355,1,441,8,2463,6,6,80
441,355,1,442,5,2468,4,4,50
442,355,1,443,2,2470,1,1,20
443,355,1,444,8,2478,5,5,80
444,355,1,445,7,2485,2,2,70
445,355,1,446,5,2490,3,3,50
446,355,1,447,4,2494,1,1,40
447,355,1,448,2,2496,1,1,20
448,355,1,449,9,2505,7,7,90
449,355,1,450,2,2507,2,2,20
450,355,1,451,5,2512,3,3,50
451,355,1,452,5,2517,3,3,50
452,355,1,453,2,2519,1,1,20
453,355,1,454,8,2527,5,5,80
454,355,1,455,2,2529,0,0,20
455,355,1,456,3,2532,2,2,30
456,355,1,457,5,2537,2,2,50
457,355,1,458,2,2539,1,0,20
458,355,1,459,3,2542,4,4,30
459,355,1,460,6,2548,4,4,60
460,355,1,461,9,2557,4,4,90
461,355,1,462,3,2560,2,2,30
462,355,1,463,6,2566,4,4,60
463,355,1,464,6,2572,3,3,60
464,355,1,465,6,2578,4,4,60
465,355,1,466,6,2584,4,4,60
466,355,1,467,6,2590,4,4,60
467,355,1,468,7,2597,3,3,70
468,355,1,469,2,2599,3,3,20
469,355,1,470,5,2604,4,4,50
470,355,1,471,3,2607,0,0,30
471,355,1,472,6,2613,2,2,60
472,355,1,473,5,2618,4,4,50
473,355,1,474,5,2623,3,3,50
474,355,1,475,7,2630,3,3,70
475,355,1,476,5,2635,2,2,50
476,355,1,477,2,2637,2,2,20
477,355,1,478,4,2641,3,3,40
478,355,1,479,5,2646,2,2,50
479,355,1,480,6,2652,4,4,60
480,355,1,481,5,2657,4,4,50
481,355,1,482,2,2659,1,1,20
482,355,1,483,4,2663,3,3,40
483,355,1,484,5,2668,2,2,50
484,355,1,485,6,2674,6,6,60
485,355,1,486,9,2683,4,4,90
486,355,1,487,8,2691,3,3,80
487,355,1,488,5,2696,4,4,50
488,355,1,489,2,2698,4,4,20
489,355,1,490,2,2700,0,0,20
490,355,1,491,2,2702,0,0,20
491,355,1,492,9,2711,5,5,90
492,355,1,493,7,2718,3,3,70
493,355,1,494,3,2721,1,1,30
494,355,1,495,4,2725,0,0,40
495,355,1,496,4,2729,3,3,40
496,355,1,497,7,2736,1,1,70
497,355,1,498,6,2742,1,0,60
498,355,1,499,8,2750,4,4,80
499,355,1,500,3,2753,2,2,30
500,355,1,501,8,2761,5,5,80
501,355,1,502,4,2765,2,2,40
502,355,1,503,3,2768,0,0,30
503,355,1,504,4,2772,2,2,40
504,355,1,505,3,2775,2,2,30
505,355,1,506,2,2777,1,1,20
506,355,1,507,9,2786,7,4,90
507,355,1,508,9,2795,10,10,90
508,355,1,509,7,2802,4,4,70
509,355,1,510,7,2809,3,3,70
510,355,1,511,4,2813,3,3,40
511,355,1,512,3,2816,1,1,30
512,355,1,513,5,2821,3,3,50
513,355,1,514,9,2830,3,3,90
514,355,1,515,7,2837,4,4,70
515,355,1,516,2,2839,1,1,20
516,355,1,517,4,2843,4,4,40
517,355,1,518,8,2851,6,6,80
518,355,1,519,8,2859,5,5,80
519,355,1,520,8,2867,5,5,80
520,355,1,521,7,2874,5,5,70
521,355,1,522,2,2876,0,0,20
522,355,1,523,5,2881,4,4,50
523,355,1,524,9,2890,3,3,90
524,355,1,525,4,2894,2,1,40
525,355,1,526,4,2898,2,2,40
526,355,1,527,2,2900,1,1,20
527,355,1,528,5,2905,1,1,50
528,355,1,529,5,2910,4,4,50
529,355,1,530,6,2916,7,7,60
530,355,1,531,8,2924,10,10,80
531,355,1,532,2,2926,0,0,20
532,355,1,533,6,2932,2,2,60
533,355,1,534,3,2935,1,1,30
534,355,1,535,7,2942,4,4,70
535,355,1,536,6,2948,5,5,60
536,355,1,537,7,2955,7,7,70
537,355,1,538,4,2959,2,2,40
538,355,1,539,5,2964,3,3,50
539,355,1,540,8,2972,7,7,80
540,355,1,541,2,2974,0,0,20
541,355,1,542,6,2980,1,1,60
542,355,1,543,2,2982,3,3,20
543,355,1,544,4,2986,4,4,40
544,355,1,545,2,2988,0,0,20
545,355,1,546,2,2990,0,0,20
546,355,1,547,2,2992,2,2,20
547,355,1,548,7,2999,2,2,70
548,355,1,549,4,3003,3,3,40
549,355,1,550,8,3011,6,6,80
550,355,1,551,5,3016,2,2,50
551,355,1,552,8,3024,1,0,80
552,355,1,553,2,3026,3,3,20
553,355,1,554,9,3035,7,3,90
554,355,1,555,6,3041,9,9,60
555,355,1,556,3,3044,2,2,30
556,355,1,557,9,3053,7,7,90
557,355,1,558,4,3057,1,1,40
558,355,1,559,7,3064,4,4,70
559,355,1,560,9,3073,5,5,90
560,355,1,561,4,3077,2,2,40
561,355,1,562,3,3080,1,1,30
562,355,1,563,8,3088,3,3,80
563,355,1,564,4,3092,3,3,40
564,355,1,565,3,3095,2,2,30
565,355,1,566,5,3100,1,1,50
566,355,1,567,2,3102,0,0,20
567,355,1,568,2,3104,1,1,20
568,355,1,569,9,3113,5,5,90
569,355,1,570,5,3118,0,0,50
570,355,1,571,3,3121,3,3,30
571,355,1,572,9,3130,4,4,90
572,355,1,573,4,3134,1,1,40
573,355,1,574,9,3143,7,7,90
574,355,1,575,2,3145,4,4,20
575,355,1,576,5,3150,3,3,50
576,355,1,577,9,3159,5,5,90
577,355,1,578,4,3163,0,0,40
578,355,1,579,5,3168,3,3,50
579,355,1,580,6,3174,1,1,60
580,355,1,581,3,3177,5,5,30
581,355,1,582,8,3185,3,3,80
582,355,1,583,3,3188,2,2,30
583,355,1,584,9,3197,6,6,90
584,355,1,585,6,3203,2,2,60
585,355,1,586,2,3205,1,1,20
586,355,1,587,7,3212,3,3,70
587,355,1,588,9,3221,3,3,90
588,355,1,589,2,3223,0,0,20
589,355,1,590,7,3230,6,6,70
590,355,1,591,2,3232,0,0,20
591,355,1,592,2,3234,0,0,20
592,355,1,593,3,3237,6,6,30
593,355,1,594,8,3245,3,3,80
594,355,1,595,6,3251,1,1,60
595,355,1,596,4,3255,0,0,40
596,355,1,597,8,3263,7,7,80
597,355,1,598,9,3272,5,5,90
598,355,1,599,8,3280,1,1,80
599,355,1,600,9,3289,2,2,90
600,355,1,601,6,3295,2,2,60
601,355,1,602,8,3303,1,1,80
602,355,1,603,4,3307,4,4,40
603,355,1,604,6,3313,2,2,60
604,355,1,605,3,3316,0,0,30
605,355,1,606,4,3320,1,1,40
606,355,1,607,2,3322,2,2,20
607,355,1,608,9,3331,4,4,90
608,355,1,609,7,3338,0,0,70
609,355,1,610,2,3340,0,0,20
610,355,1,611,8,3348,4,4,80
611,355,1,612,4,3352,1,1,40
612,355,1,613,9,3361,2,2,90
613,355,1,614,8,3369,5,5,80
614,355,1,615,7,3376,5,5,70
615,355,1,616,5,3381,3,3,50
616,355,1,617,8,3389,3,3,80
617,355,1,618,6,3395,5,5,60
618,355,1,619,5,3400,3,3,50
619,355,1,620,5,3405,8,8,50
620,355,1,621,4,3409,1,1,40
621,355,1,622,2,3411,1,0,20
622,355,1,623,8,3419,3,3,80
623,355,1,624,8,3427,5,5,80
624,355,1,625,6,3433,4,4,60
625,355,1,626,6,3439,4,4,60
626,355,1,627,5,3444,1,1,50
627,355,1,628,9,3453,3,3,90
628,355,1,629,6,3459,3,2,60
629,355,1,630,2,3461,1,1,20
630,355,1,631,7,3468,6,6,70
631,355,1,632,6,3474,1,1,60
632,355,1,633,3,3477,3,3,30
633,355,1,634,8,3485,4,4,80
634,355,1,635,8,3493,2,2,80
635,355,1,636,2,3495,2,2,20
636,355,1,637,2,3497,1,1,20
637,355,1,638,2,3499,2,2,20
638,355,1,639,4,3503,3,3,40
639,355,1,640,4,3507,1,1,40
640,355,1,641,7,3514,3,3,70
641,355,1,642,7,3521,6,6,70
642,355,1,643,7,3528,3,3,70
643,355,1,644,8,3536,2,2,80
644,355,1,645,4,3540,5,5,40
645,355,1,646,3,3543,0,0,30
646,355,1,647,6,3549,3,3,60
647,355,1,648,4,3553,4,4,40
648,355,1,649,8,3561,2,2,80
649,355,1,650,2,3563,1,1,20
650,355,1,651,5,3568,1,1,50
651,355,1,652,5,3573,0,0,50
652,355,1,653,6,3579,2,2,60
653,355,1,654,6,3585,3,3,60
654,355,1,655,7,3592,4,4,70
655,355,1,656,6,3598,6,6,60
656,355,1,657,9,3607,7,7,90
657,355,1,658,4,3611,1,1,40
658,355,1,659,3,3614,0,0,30
659,355,1,660,3,3617,3,3,30
660,355,1,661,6,3623,1,1,60
661,355,1,662,4,3627,1,1,40
662,355,1,663,6,3633,2,2,60
663,355,1,664,9,3642,1,1,90
664,355,1,665,5,3647,1,1,50
665,355,1,666,6,3653,2,2,60
666,355,1,667,9,3662,4,4,90
667,355,1,668,3,3665,1,1,30
668,355,1,669,3,3668,0,0,30
669,355,1,670,2,3670,3,3,20
670,355,1,671,8,3678,5,5,80
671,355,1,672,8,3686,5,5,80
672,355,1,673,2,3688,1,1,20
673,355,1,674,8,3696,12,12,80
674,355,1,675,9,3705,3,3,90
675,355,1,676,5,3710,4,4,50
676,355,1,677,3,3713,1,1,30
677,355,1,678,8,3721,5,5,80
678,355,1,679,2,3723,1,1,20
679,355,1,680,7,3730,11,11,70
680,355,1,681,5,3735,1,1,50
681,355,1,682,2,3737,0,0,20
682,355,1,683,8,3745,6,6,80
683,355,1,684,4,3749,1,0,40
684,355,1,685,5,3754,4,4,50
685,355,1,686,8,3762,4,4,80
686,355,1,687,8,3770,6,6,80
687,355,1,688,3,3773,1,1,30
688,355,1,689,6,3779,0,0,60
689,355,1,690,6,3785,3,3,60
690,355,1,691,4,3789,2,2,40
691,355,1,692,3,3792,2,2,30
692,355,1,693,9,3801,6,6,90
693,355,1,694,2,3803,2,2,20
694,355,1,695,9,3812,9,9,90
695,355,1,696,3,3815,3,3,30
696,355,1,697,5,3820,1,1,50
697,355,1,698,9,3829,4,4,90
698,355,1,699,7,3836,2,2,70
699,355,1,700,9,3845,1,1,90
700,355,1,701,2,3847,0,0,20
701,355,1,702,3,3850,1,1,30
702,355,1,703,9,3859,5,5,90
703,355,1,704,4,3863,3,3,40
704,355,1,705,7,3870,2,2,70
705,355,1,706,2,3872,1,0,20
706,355,1,707,7,3879,6,6,70
707,355,1,708,9,3888,3,3,90
708,355,1,709,6,3894,6,6,60
709,355,1,710,7,3901,2,2,70
710,355,1,711,2,3903,1,1,20
711,355,1,712,7,3910,4,4,70
712,355,1,713,9,3919,10,10,90
713,355,1,714,5,3924,3,3,50
714,355,1,715,9,3933,6,6,90
715,355,1,716,6,3939,1,1,60
716,355,1,717,6,3945,0,0,60
717,355,1,718,7,3952,7,4,70
718,355,1,719,9,3961,5,5,90
719,355,1,720,5,3966,2,2,50
720,355,1,721,5,3971,1,1,50
721,355,1,722,3,3974,2,2,30
722,355,1,723,5,3979,2,0,50
723,355,1,724,3,3982,6,6,30
724,355,1,725,9,3991,3,3,90
725,355,1,726,4,3995,1,1,40
726,355,1,727,3,3998,1,0,30
727,355,1,728,4,4002,1,1,40
728,355,1,729,4,4006,1,1,40
729,355,1,730,3,4009,1,1,30
730,355,1,731,7,4016,1,1,70
731,355,1,732,8,4024,3,3,80
732,355,1,733,4,4028,2,2,40
733,355,1,734,6,4034,3,3,60
734,355,1,735,3,4037,2,2,30
735,355,1,736,7,4044,2,2,70
736,355,1,737,7,4051,0,0,70
737,355,1,738,2,4053,1,1,20
738,355,1,739,2,4055,2,2,20
739,355,1,740,9,4064,8,8,90
740,355,1,741,6,4070,2,2,60
741,355,1,742,3,4073,3,3,30
742,355,1,743,8,4081,3,3,80
743,355,1,744,8,4089,5,5,80
744,355,1,745,5,4094,0,0,50
745,355,1,746,9,4103,5,5,90
746,355,1,747,6,4109,5,5,60
747,355,1,748,8,4117,3,3,80
748,355,1,749,4,4121,7,7,40
749,355,1,750,9,4130,3,3,90
750,355,1,751,8,4138,3,2,80
751,355,1,752,2,4140,1,1,20
752,355,1,753,9,4149,6,2,90
753,355,1,754,2,4151,7,7,20
754,355,1,755,6,4157,3,3,60
755,355,1,756,6,4163,3,2,60
756,355,1,757,6,4169,9,9,60
757,355,1,758,2,4171,0,0,20
758,355,1,759,8,4179,7,7,80
759,355,1,760,3,4182,4,4,30
760,355,1,761,7,4189,2,2,70
761,355,1,762,4,4193,3,3,40
762,355,1,763,8,4201,4,4,80
763,355,1,764,4,4205,2,2,40
764,355,1,765,4,4209,0,0,40
765,355,1,766,8,4217,1,1,80
766,355,1,767,7,4224,1,1,70
767,355,1,768,8,4232,8,8,80
768,355,1,769,7,4239,7,7,70
769,355,1,770,3,4242,2,2,30
770,355,1,771,5,4247,4,4,50
771,355,1,772,2,4249,2,2,20
772,355,1,773,6,4255,4,4,60
773,355,1,774,6,4261,4,4,60
774,355,1,775,3,4264,3,3,30
775,355,1,776,4,4268,3,3,40
776,355,1,777,8,4276,3,3,80
777,355,1,778,5,4281,6,6,50
778,355,1,779,2,4283,1,1,20
779,355,1,780,5,4288,1,1,50
780,355,1,781,9,4297,3,3,90
781,355,1,782,3,4300,0,0,30
782,355,1,783,9,4309,3,3,90
783,355,1,784,7,4316,6,6,70
784,355,1,785,8,4324,5,5,80
785,355,1,786,9,4333,3,3,90
786,355,1,787,3,4336,1,1,30
787,355,1,788,7,4343,5,5,70
788,355,1,789,5,4348,4,4,50
789,355,1,790,6,4354,4,4,60
790,355,1,791,7,4361,4,4,70
791,355,1,792,4,4365,3,3,40
792,355,1,793,7,4372,5,5,70
793,355,1,794,3,4375,2,2,30
794,355,1,795,3,4378,2,2,30
795,355,1,796,4,4382,4,4,40
796,355,1,797,2,4384,0,0,20
797,355,1,798,8,4392,6,6,80
798,355,1,799,2,4394,2,2,20
799,355,1,800,5,4399,3,3,50
800,355,1,801,7,4406,2,2,70
801,355,1,802,8,4414,3,3,80
802,355,1,803,7,4421,3,3,70
803,355,1,804,7,4428,7,7,70
804,355,1,805,6,4434,2,2,60
805,355,1,806,7,4441,1,0,70
806,355,1,807,4,4445,2,2,40
807,355,1,808,4,4449,3,3,40
808,355,1,809,5,4454,3,3,50
809,355,1,810,7,4461,3,3,70
810,355,1,811,8,4469,3,3,80
811,355,1,812,9,4478,2,2,90
812,355,1,813,3,4481,1,1,30
813,355,1,814,5,4486,1,1,50
814,355,1,815,4,4490,0,0,40
815,355,1,816,2,4492,2,2,20
816,355,1,817,9,4501,2,2,90
817,355,1,818,6,4507,5,5,60
818,355,1,819,3,4510,0,0,30
819,355,1,820,4,4514,3,3,40
820,355,1,821,8,4522,5,5,80
821,355,1,822,3,4525,1,1,30
822,355,1,823,3,4528,1,1,30
823,355,1,824,3,4531,4,4,30
824,355,1,825,3,4534,1,1,30
825,355,1,826,2,4536,1,1,20
826,355,1,827,4,4540,3,3,40
827,355,1,828,5,4545,2,2,50
828,355,1,829,4,4549,5,5,40
829,355,1,830,2,4551,1,1,20
830,355,1,831,2,4553,2,0,20
831,355,1,832,7,4560,5,5,70
832,355,1,833,4,4564,2,2,40
833,355,1,834,9,4573,4,4,90
834,355,1,835,9,4582,6,6,90
835,355,1,836,2,4584,0,0,20
836,355,1,837,8,4592,5,5,80
837,355,1,838,9,4601,8,8,90
838,355,1,839,8,4609,0,0,80
839,355,1,840,6,4615,2,2,60
840,355,1,841,5,4620,5,5,50
841,355,1,842,5,4625,2,2,50
842,355,1,843,6,4631,4,4,60
843,355,1,844,5,4636,2,2,50
844,355,1,845,3,4639,1,1,30
845,355,1,846,2,4641,1,1,20
846,355,1,847,4,4645,3,3,40
847,355,1,848,9,4654,3,3,90
848,355,1,849,9,4663,2,2,90
849,355,1,850,3,4666,2,2,30
850,355,1,851,7,4673,9,9,70
851,355,1,852,3,4676,1,1,30
852,355,1,853,7,4683,7,7,70
853,355,1,854,3,4686,0,0,30
854,355,1,855,9,4695,3,3,90
855,355,1,856,3,4698,2,2,30
856,355,1,857,2,4700,0,0,20
857,355,1,858,5,4705,1,1,50
858,355,1,859,3,4708,1,1,30
859,355,1,860,3,4711,2,0,30
860,355,1,861,7,4718,4,1,70
861,355,1,862,5,4723,6,6,50
862,355,1,863,7,4730,4,4,70
863,355,1,864,2,4732,1,1,20
864,355,1,865,8,4740,6,6,80
865,355,1,866,8,4748,3,3,80
866,355,1,867,8,4756,3,3,80
867,355,1,868,3,4759,0,0,30
868,355,1,869,4,4763,2,2,40
869,355,1,870,8,4771,5,5,80
870,355,1,871,8,4779,1,1,80
871,355,1,872,5,4784,2,2,50
872,355,1,873,8,4792,4,4,80
873,355,1,874,9,4801,5,5,90
874,355,1,875,7,4808,3,3,70
875,355,1,876,6,4814,4,4,60
876,355,1,877,9,4823,9,9,90
877,355,1,878,5,4828,3,1,50
878,355,1,879,9,4837,8,8,90
879,355,1,880,6,4843,5,5,60
880,355,1,881,8,4851,6,6,80
881,355,1,882,3,4854,1,1,30
882,355,1,883,3,4857,1,1,30
883,355,1,884,4,4861,3,3,40
884,355,1,885,5,4866,3,3,50
885,355,1,886,9,4875,5,5,90
886,355,1,887,9,4884,5,5,90
887,355,1,888,4,4888,1,1,40
888,355,1,889,5,4893,3,3,50
889,355,1,890,2,4895,0,0,20
890,355,1,891,8,4903,5,5,80
891,355,1,892,3,4906,0,0,30
892,355,1,893,5,4911,3,3,50
893,355,1,894,8,4919,0,0,80
894,355,1,895,8,4927,4,4,80
895,355,1,896,7,4934,0,0,70
896,355,1,897,6,4940,2,2,60
897,355,1,898,2,4942,1,1,20
898,355,1,899,7,4949,1,1,70
899,355,1,900,7,4956,3,3,70
900,355,1,901,4,4960,5,5,40
901,355,1,902,5,4965,1,1,50
902,355,1,903,2,4967,2,2,20
903,355,1,904,9,4976,6,6,90
904,355,1,905,6,4982,3,3,60
905,355,1,906,5,4987,5,5,50
906,355,1,907,9,4996,4,4,90
907,355,2,1,7,7,2,2,70
908,355,2,2,7,14,3,3,70
909,355,2,3,9,23,5,5,90
910,355,2,4,6,29,2,2,60
911,355,2,5,4,33,1,1,40
912,355,2,6,9,42,2,2,90
913,355,2,7,3,45,1,1,30
914,355,2,8,9,54,5,5,90
915,355,2,9,8,62,4,4,80
916,355,2,10,5,67,1,0,50
917,355,2,11,9,76,4,4,90
918,355,2,12,7,83,3,3,70
919,355,2,13,2,85,1,1,20
920,355,2,14,9,94,6,6,90
921,355,2,15,4,98,0,0,40
922,355,2,16,6,104,1,1,60
923,355,2,17,4,108,2,2,40
924,355,2,18,5,113,3,3,50
925,355,2,19,6,119,4,4,60
926,355,2,20,3,122,3,3,30
927,355,2,21,4,126,0,0,40
928,355,2,22,8,134,2,2,80
929,355,2,23,3,137,0,0,30
930,355,2,24,2,139,1,1,20
931,355,2,25,3,142,1,1,30
932,355,2,26,3,145,3,3,30
933,355,2,27,5,150,5,5,50
934,355,2,28,7,157,5,5,70
935,355,2,29,8,165,6,6,80
936,355,2,30,9,174,6,6,90
937,355,2,31,2,176,1,1,20
938,355,2,32,4,180,3,3,40
939,355,2,33,7,187,2,2,70
940,355,2,34,3,190,0,0,30
941,355,2,35,5,195,2,2,50
942,355,2,36,3,198,0,0,30
943,355,2,37,4,202,1,1,40
944,355,2,38,8,210,1,1,80
945,355,2,39,8,218,3,3,80
946,355,2,40,2,220,1,1,20
947,355,2,41,3,223,0,0,30
948,355,2,42,2,225,1,1,20
949,355,2,43,6,231,3,1,60
950,355,2,44,4,235,2,2,40
951,355,2,45,9,244,3,3,90
952,355,2,46,8,252,8,8,80
953,355,2,47,9,261,2,2,90
954,355,2,48,7,268,2,2,70
955,355,2,49,6,274,2,2,60
956,355,2,50,7,281,4,4,70
957,355,2,51,2,283,0,0,20
958,355,2,52,7,290,2,2,70
959,355,2,53,9,299,2,2,90
960,355,2,54,2,301,0,0,20
961,355,2,55,4,305,4,4,40
962,355,2,56,7,312,2,2,70
963,355,2,57,4,316,4,4,40
964,355,2,58,7,323,1,1,70
965,355,2,59,5,328,1,1,50
966,355,2,60,4,332,2,2,40
967,355,2,61,2,334,2,2,20
968,355,2,62,9,343,3,3,90
969,355,2,63,7,350,7,7,70
970,355,2,64,3,353,3,3,30
971,355,2,65,9,362,5,5,90
972,355,2,66,4,366,3,3,40
973,355,2,67,4,370,3,3,40
974,355,2,68,8,378,5,4,80
975,355,2,69,5,383,1,1,50
976,355,2,70,8,391,9,9,80
977,355,2,71,5,396,1,1,50
978,355,2,72,9,405,1,1,90
979,355,2,73,5,410,1,1,50
980,355,2,74,7,417,3,3,70
981,355,2,75,3,420,2,2,30
982,355,2,76,7,427,2,1,70
983,355,2,77,3,430,3,1,30
984,355,2,78,4,434,3,3,40
985,355,2,79,7,441,1,1,70
986,355,2,80,8,449,0,0,80
987,355,2,81,9,458,3,3,90
988,355,2,82,5,463,3,2,50
989,355,2,83,4,467,2,0,40
990,355,2,84,8,475,4,4,80
991,355,2,85,4,479,2,2,40
992,355,2,86,3,482,2,2,30
993,355,2,87,2,484,2,2,20
994,355,2,88,8,492,5,5,80
995,355,2,89,9,501,3,3,90
996,355,2,90,5,506,4,4,50
997,355,2,91,3,509,2,2,30
998,355,2,92,9,518,2,2,90
999,355,2,93,3,521,2,2,30
1000,355,2,94,3,524,3,3,30
1001,355,2,95,9,533,7,7,90
1002,355,2,96,5,538,4,4,50
1003,355,2,97,9,547,4,4,90
1004,355,2,98,8,555,4,4,80
1005,355,2,99,5,560,1,1,50
1006,355,2,100,3,563,0,0,30
1007,355,2,101,5,568,2,2,50
1008,355,2,102,5,573,1,1,50
1009,355,2,103,3,576,1,1,30
1010,355,2,104,7,583,1,1,70
1011,355,2,105,3,586,2,2,30
1012,355,2,106,8,594,6,6,80
1013,355,2,107,6,600,3,3,60
1014,355,2,108,6,606,3,3,60
1015,355,2,109,4,610,1,1,40
1016,355,2,110,6,616,2,2,60
1017,355,2,111,6,622,3,3,60
1018,355,2,112,6,628,2,2,60
1019,355,2,113,5,633,2,2,50
1020,355,2,114,4,637,1,1,40
1021,355,2,115,5,642,3,3,50
1022,355,2,116,4,646,0,0,40
1023,355,2,117,3,649,1,1,30
1024,355,2,118,6,655,4,4,60
1025,355,2,119,2,657,1,1,20
1026,355,2,120,9,666,3,3,90
1027,355,2,121,3,669,2,2,30
1028,355,2,122,9,678,6,6,90
1029,355,2,123,5,683,4,4,50
1030,355,2,124,6,689,5,5,60
1031,355,2,125,7,696,4,4,70
1032,355,2,126,2,698,0,0,20
1033,355,2,127,2,700,0,0,20
1034,355,2,128,3,703,1,1,30
1035,355,2,129,7,710,2,2,70
1036,355,2,130,4,714,3,3,40
1037,355,2,131,9,723,4,4,90
1038,355,2,132,3,726,0,0,30
1039,355,2,133,5,731,3,3,50
1040,355,2,134,9,740,7,7,90
1041,355,2,135,9,749,3,3,90
1042,355,2,136,5,754,1,1,50
1043,355,2,137,6,760,3,2,60
1044,355,2,138,9,769,4,4,90
1045,355,2,139,7,776,4,4,70
1046,355,2,140,7,783,3,3,70
1047,355,2,141,4,787,0,0,40
1048,355,2,142,9,796,7,7,90
1049,355,2,143,6,802,4,4,60
1050,355,2,144,3,805,2,2,30
1051,355,2,145,6,811,4,4,60
1052,355,2,146,2,813,1,1,20
1053,355,2,147,2,815,0,0,20
1054,355,2,148,5,820,6,6,50
1055,355,2,149,4,824,2,2,40
1056,355,2,150,8,832,4,4,80
1057,355,2,151,3,835,0,0,30
1058,355,2,152,3,838,1,1,30
1059,355,2,153,9,847,2,2,90
1060,355,2,154,5,852,1,1,50
1061,355,2,155,8,860,6,6,80
1062,355,2,156,4,864,1,1,40
1063,355,2,157,2,866,1,1,20
1064,355,2,158,4,870,2,2,40
1065,355,2,159,2,872,1,1,20
1066,355,2,160,9,881,2,1,90
1067,355,2,161,8,889,8,8,80
1068,355,2,162,2,891,2,2,20
1069,355,2,163,4,895,3,3,40
1070,355,2,164,9,904,7,7,90
1071,355,2,165,6,910,2,2,60
1072,355,2,166,8,918,7,7,80
1073,355,2,167,4,922,5,5,40
1074,355,2,168,3,925,0,0,30
1075,355,2,169,5,930,1,0,50
1076,355,2,170,9,939,4,4,90
1077,355,2,171,4,943,2,2,40
1078,355,2,172,5,948,3,3,50
1079,355,2,173,3,951,1,1,30
1080,355,2,174,6,957,1,1,60
1081,355,2,175,4,961,1,1,40
1082,355,2,176,2,963,0,0,20
1083,355,2,177,4,967,0,0,40
1084,355,2,178,3,970,1,1,30
1085,355,2,179,8,978,4,4,80
1086,355,2,180,3,981,2,2,30
1087,355,2,181,3,984,1,1,30
1088,355,2,182,6,990,5,5,60
1089,355,2,183,4,994,1,1,40
1090,355,2,184,4,998,0,0,40
1091,355,2,185,9,1007,4,4,90
1092,355,2,186,7,1014,6,6,70
1093,355,2,187,8,1022,6,6,80
1094,355,2,188,6,1028,3,3,60
1095,355,2,189,5,1033,1,1,50
1096,355,2,190,5,1038,3,3,50
1097,355,2,191,8,1046,5,5,80
1098,355,2,192,8,1054,4,4,80
1099,355,2,193,6,1060,4,4,60
1100,355,2,194,8,1068,7,7,80
1101,355,2,195,8,1076,4,4,80
1102,355,2,196,9,1085,2,2,90
1103,355,2,197,5,1090,1,1,50
1104,355,2,198,3,1093,2,2,30
1105,355,2,199,5,1098,3,3,50
1106,355,2,200,2,1100,1,1,20
1107,355,2,201,5,1105,2,2,50
1108,355,2,202,7,1112,0,0,70
1109,355,2,203,7,1119,5,5,70
1110,355,2,204,5,1124,3,3,50
1111,355,2,205,6,1130,6,6,60
1112,355,2,206,3,1133,0,0,30
1113,355,2,207,4,1137,3,3,40
1114,355,2,208,4,1141,4,4,40
1115,355,2,209,3,1144,1,1,30
1116,355,2,210,5,1149,0,0,50
1117,355,2,211,5,1154,3,1,50
1118,355,2,212,6,1160,5,5,60
1119,355,2,213,3,1163,1,1,30
1120,355,2,214,6,1169,3,3,60
1121,355,2,215,3,1172,1,1,30
1122,355,2,216,2,1174,0,0,20
1123,355,2,217,9,1183,5,5,90
1124,355,2,218,5,1188,3,3,50
1125,355,2,219,4,1192,1,1,40
1126,355,2,220,9,1201,2,2,90
1127,355,2,221,9,1210,6,6,90
1128,355,2,222,5,1215,2,2,50
1129,355,2,223,8,1223,1,1,80
1130,355,2,224,4,1227,2,2,40
1131,355,2,225,6,1233,6,6,60
1132,355,2,226,6,1239,2,2,60
1133,355,2,227,4,1243,4,4,40
1134,355,2,228,7,1250,0,0,70
1135,355,2,229,9,1259,4,4,90
1136,355,2,230,7,1266,1,1,70
1137,355,2,231,9,1275,4,4,90
1138,355,2,232,9,1284,3,3,90
1139,355,2,233,4,1288,3,3,40
1140,355,2,234,8,1296,3,3,80
1141,355,2,235,6,1302,3,3,60
1142,355,2,236,3,1305,2,2,30
1143,355,2,237,3,1308,0,0,30
1144,355,2,238,8,1316,2,2,80
1145,355,2,239,9,1325,6,6,90
1146,355,2,240,7,1332,2,2,70
1147,355,2,241,9,1341,6,6,90
1148,355,2,242,5,1346,0,0,50
1149,355,2,243,5,1351,0,0,50
1150,355,2,244,2,1353,0,0,20
1151,355,2,245,5,1358,2,2,50
1152,355,2,246,5,1363,3,3,50
1153,355,2,247,7,1370,2,2,70
1154,355,2,248,4,1374,0,0,40
1155,355,2,249,9,1383,2,2,90
1156,355,2,250,4,1387,1,1,40
1157,355,2,251,5,1392,2,2,50
1158,355,2,252,9,1401,6,6,90
1159,355,2,253,7,1408,3,3,70
1160,355,2,254,9,1417,8,8,90
1161,355,2,255,6,1423,4,4,60
1162,355,2,256,6,1429,3,3,60
1163,355,2,257,9,1438,4,4,90
1164,355,2,258,4,1442,1,1,40
1165,355,2,259,3,1445,0,0,30
1166,355,2,260,3,1448,2,2,30
1167,355,2,261,3,1451,1,1,30
1168,355,2,262,9,1460,3,3,90
1169,355,2,263,6,1466,5,5,60
1170,355,2,264,3,1469,0,0,30
1171,355,2,265,2,1471,2,2,20
1172,355,2,266,6,1477,2,1,60
1173,355,2,267,6,1483,3,3,60
1174,355,2,268,7,1490,6,6,70
1175,355,2,269,3,1493,2,2,30
1176,355,2,270,5,1498,2,2,50
1177,355,2,271,5,1503,4,4,50
1178,355,2,272,7,1510,1,1,70
1179,355,2,273,5,1515,1,1,50
1180,355,2,274,6,1521,4,4,60
1181,355,2,275,7,1528,6,6,70
1182,355,2,276,3,1531,0,0,30
1183,355,2,277,8,1539,3,3,80
1184,355,2,278,7,1546,6,6,70
1185,355,2,279,4,1550,2,2,40
1186,355,2,280,8,1558,5,5,80
1187,355,2,281,5,1563,1,1,50
1188,355,2,282,5,1568,5,5,50
1189,355,2,283,4,1572,1,1,40
1190,355,2,284,9,1581,3,3,90
1191,355,2,285,6,1587,1,1,60
1192,355,2,286,8,1595,1,1,80
1193,355,2,287,9,1604,4,4,90
1194,355,2,288,2,1606,0,0,20
1195,355,2,289,6,1612,4,4,60
1196,355,2,290,5,1617,1,1,50
1197,355,2,291,4,1621,1,1,40
1198,355,2,292,4,1625,3,3,40
1199,355,2,293,5,1630,2,2,50
1200,355,2,294,7,1637,1,1,70
1201,355,2,295,3,1640,3,3,30
1202,355,2,296,2,1642,1,1,20
1203,355,2,297,8,1650,2,2,80
1204,355,2,298,9,1659,2,2,90
1205,355,2,299,3,1662,0,0,30
1206,355,2,300,7,1669,1,1,70
1207,355,2,301,3,1672,2,2,30
1208,355,2,302,7,1679,6,6,70
1209,355,2,303,2,1681,0,0,20
1210,355,2,304,2,1683,1,1,20
1211,355,2,305,3,1686,0,0,30
1212,355,2,306,3,1689,0,0,30
1213,355,2,307,9,1698,6,6,90
1214,355,2,308,7,1705,4,4,70
1215,355,2,309,6,1711,8,8,60
1216,355,2,310,5,1716,3,3,50
1217,355,2,311,6,1722,3,3,60
1218,355,2,312,9,1731,4,4,90
1219,355,2,313,8,1739,7,7,80
1220,355,2,314,4,1743,3,3,40
1221,355,2,315,4,1747,0,0,40
1222,355,2,316,4,1751,2,2,40
1223,355,2,317,2,1753,2,2,20
1224,355,2,318,7,1760,4,4,70
1225,355,2,319,6,1766,2,2,60
1226,355,2,320,9,1775,2,2,90
1227,355,2,321,9,1784,8,8,90
1228,355,2,322,9,1793,4,4,90
1229,355,2,323,5,1798,2,2,50
1230,355,2,324,9,1807,5,5,90
1231,355,2,325,3,1810,2,2,30
1232,355,2,326,3,1813,1,1,30
1233,355,2,327,6,1819,4,4,60
1234,355,2,328,8,1827,9,9,80
1235,355,2,329,2,1829,3,3,20
1236,355,2,330,9,1838,8,8,90
1237,355,2,331,6,1844,4,4,60
1238,355,2,332,5,1849,2,2,50
1239,355,2,333,4,1853,4,4,40
1240,355,2,334,3,1856,1,1,30
1241,355,2,335,8,1864,6,6,80
1242,355,2,336,3,1867,1,1,30
1243,355,2,337,8,1875,3,3,80
1244,355,2,338,4,1879,6,6,40
1245,355,2,339,5,1884,1,1,50
1246,355,2,340,7,1891,6,6,70
1247,355,2,341,9,1900,4,4,90
1248,355,2,342,6,1906,0,0,60
1249,355,2,343,4,1910,2,2,40
1250,355,2,344,5,1915,3,3,50
1251,355,2,345,3,1918,1,1,30
1252,355,2,346,9,1927,6,2,90
1253,355,2,347,2,1929,4,4,20
1254,355,2,348,7,1936,4,4,70
1255,355,2,349,9,1945,5,5,90
1256,355,2,350,2,1947,3,3,20
1257,355,2,351,7,1954,6,6,70
1258,355,2,352,2,1956,3,3,20
1259,355,2,353,3,1959,0,0,30
1260,355,2,354,9,1968,5,5,90
1261,355,2,355,9,1977,1,1,90
1262,355,2,356,6,1983,5,5,60
1263,355,2,357,7,1990,3,3,70
1264,355,2,358,9,1999,3,3,90
1265,355,2,359,3,2002,3,3,30
1266,355,2,360,5,2007,2,2,50
1267,355,2,361,7,2014,4,4,70
1268,355,2,362,3,2017,1,1,30
1269,355,2,363,8,2025,5,5,80
1270,355,2,364,9,2034,3,3,90
1271,355,2,365,7,2041,6,6,70
1272,355,2,366,6,2047,5,5,60
1273,355,2,367,4,2051,1,1,40
1274,355,2,368,4,2055,0,0,40
1275,355,2,369,6,2061,1,1,60
1276,355,2,370,9,2070,3,3,90
1277,355,2,371,7,2077,4,4,70
1278,355,2,372,6,2083,3,3,60
1279,355,2,373,7,2090,7,7,70
1280,355,2,374,5,2095,1,1,50
1281,355,2,375,2,2097,3,3,20
1282,355,2,376,5,2102,3,3,50
1283,355,2,377,9,2111,5,5,90
1284,355,2,378,2,2113,1,1,20
1285,355,2,379,2,2115,2,2,20
1286,355,2,380,8,2123,2,2,80
1287,355,2,381,2,2125,1,1,20
1288,355,2,382,2,2127,2,2,20
1289,355,2,383,9,2136,4,4,90
1290,355,2,384,3,2139,1,1,30
1291,355,2,385,3,2142,1,1,30
1292,355,2,386,2,2144,0,0,20
1293,355,2,387,4,2148,2,2,40
1294,355,2,388,5,2153,3,3,50
1295,355,2,389,9,2162,5,5,90
1296,355,2,390,5,2167,1,1,50
1297,355,2,391,2,2169,1,1,20
1298,355,2,392,7,2176,1,1,70
1299,355,2,393,5,2181,6,6,50
1300,355,2,394,6,2187,3,3,60
1301,355,2,395,8,2195,3,3,80
1302,355,2,396,9,2204,2,2,90
1303,355,2,397,3,2207,3,3,30
1304,355,2,398,2,2209,1,1,20
1305,355,2,399,6,2215,3,3,60
1306,355,2,400,6,2221,3,3,60
1307,355,2,401,7,2228,3,3,70
1308,355,2,402,2,2230,1,1,20
1309,355,2,403,4,2234,0,0,40
1310,355,2,404,5,2239,4,4,50
1311,355,2,405,5,2244,3,1,50
1312,355,2,406,5,2249,2,0,50
1313,355,2,407,5,2254,3,3,50
1314,355,2,408,9,2263,7,7,90
1315,355,2,409,3,2266,0,0,30
1316,355,2,410,9,2275,4,4,90
1317,355,2,411,7,2282,4,1,70
1318,355,2,412,4,2286,5,5,40
1319,355,2,413,2,2288,1,1,20
1320,355,2,414,9,2297,3,3,90
1321,355,2,415,3,2300,1,0,30
1322,355,2,416,2,2302,2,2,20
1323,355,2,417,8,2310,4,4,80
1324,355,2,418,9,2319,7,7,90
1325,355,2,419,2,2321,2,2,20
1326,355,2,420,4,2325,2,0,40
1327,355,2,421,8,2333,4,4,80
1328,355,2,422,8,2341,4,4,80
1329,355,2,423,6,2347,2,2,60
1330,355,2,424,6,2353,1,1,60
1331,355,2,425,5,2358,3,3,50
1332,355,2,426,7,2365,3,3,70
1333,355,2,427,9,2374,4,4,90
1334,355,2,428,8,2382,6,6,80
1335,355,2,429,3,2385,1,1,30
1336,355,2,430,7,2392,3,3,70
1337,355,2,431,8,2400,4,4,80
1338,355,2,432,4,2404,4,4,40
1339,355,2,433,7,2411,1,1,70
1340,355,2,434,6,2417,5,5,60
1341,355,2,435,5,2422,3,3,50
1342,355,2,436,8,2430,3,3,80
1343,355,2,437,8,2438,2,2,80
1344,355,2,438,2,2440,2,2,20
1345,355,2,439,4,2444,4,4,40
1346,355,2,440,4,2448,2,2,40
1347,355,2,441,3,2451,0,0,30
1348,355,2,442,8,2459,8,8,80
1349,355,2,443,7,2466,4,4,70
1350,355,2,444,3,2469,2,2,30
1351,355,2,445,3,2472,4,4,30
1352,355,2,446,7,2479,6,6,70
1353,355,2,447,7,2486,2,2,70
1354,355,2,448,3,2489,2,2,30
1355,355,2,449,5,2494,1,1,50
1356,355,2,450,8,2502,5,5,80
1357,355,2,451,4,2506,2,2,40
1358,355,2,452,5,2511,2,2,50
1359,355,2,453,8,2519,5,2,80
1360,355,2,454,9,2528,6,6,90
1361,355,2,455,7,2535,7,7,70
1362,355,2,456,8,2543,4,4,80
1363,355,2,457,5,2548,2,2,50
1364,355,2,458,6,2554,4,4,60
1365,355,2,459,9,2563,5,5,90
1366,355,2,460,7,2570,6,6,70
1367,355,2,461,2,2572,1,1,20
1368,355,2,462,5,2577,3,3,50
1369,355,2,463,5,2582,2,2,50
1370,355,2,464,2,2584,2,2,20
1371,355,2,465,6,2590,5,5,60
1372,355,2,466,5,2595,2,2,50
1373,355,2,467,4,2599,2,2,40
1374,355,2,468,7,2606,4,4,70
1375,355,2,469,4,2610,0,0,40
1376,355,2,470,5,2615,4,4,50
1377,355,2,471,3,2618,0,0,30
1378,355,2,472,7,2625,3,3,70
1379,355,2,473,4,2629,2,2,40
1380,355,2,474,6,2635,6,6,60
1381,355,2,475,5,2640,1,1,50
1382,355,2,476,4,2644,2,2,40
1383,355,2,477,7,2651,0,0,70
1384,355,2,478,7,2658,2,2,70
1385,355,2,479,6,2664,4,4,60
1386,355,2,480,7,2671,6,4,70
1387,355,2,481,6,2677,8,8,60
1388,355,2,482,8,2685,3,3,80
1389,355,2,483,6,2691,6,6,60
1390,355,2,484,3,2694,2,2,30
1391,355,2,485,5,2699,2,2,50
1392,355,2,486,3,2702,3,2,30
1393,355,2,487,9,2711,4,4,90
1394,355,2,488,4,2715,3,3,40
1395,355,2,489,7,2722,3,3,70
1396,355,2,490,6,2728,4,4,60
1397,355,2,491,6,2734,8,8,60
1398,355,2,492,2,2736,1,1,20
1399,355,2,493,9,2745,5,5,90
1400,355,2,494,7,2752,7,7,70
1401,355,2,495,6,2758,1,1,60
1402,355,2,496,5,2763,1,1,50
1403,355,2,497,2,2765,1,1,20
1404,355,2,498,4,2769,1,1,40
1405,355,2,499,3,2772,1,1,30
1406,355,2,500,7,2779,2,2,70
1407,355,2,501,4,2783,1,1,40
1408,355,2,502,4,2787,1,1,40
1409,355,2,503,9,2796,5,5,90
1410,355,2,504,9,2805,3,3,90
1411,355,2,505,5,2810,1,1,50
1412,355,2,506,2,2812,1,1,20
1413,355,2,507,4,2816,2,2,40
1414,355,2,508,5,2821,3,3,50
1415,355,2,509,2,2823,3,3,20
1416,355,2,510,9,2832,4,4,90
1417,355,2,511,2,2834,0,0,20
1418,355,2,512,5,2839,1,1,50
1419,355,2,513,2,2841,1,1,20
1420,355,2,514,6,2847,3,3,60
1421,355,2,515,3,2850,1,1,30
1422,355,2,516,9,2859,3,3,90
1423,355,2,517,6,2865,4,4,60
1424,355,2,518,8,2873,5,5,80
1425,355,2,519,9,2882,7,7,90
1426,355,2,520,2,2884,0,0,20
1427,355,2,521,9,2893,3,1,90
1428,355,2,522,4,2897,6,2,40
1429,355,2,523,4,2901,5,5,40
1430,355,2,524,8,2909,3,3,80
1431,355,2,525,2,2911,3,3,20
1432,355,2,526,9,2920,4,4,90
1433,355,2,527,7,2927,1,1,70
1434,355,2,528,9,2936,2,2,90
1435,355,2,529,9,2945,6,6,90
1436,355,2,530,9,2954,7,7,90
1437,355,2,531,5,2959,3,3,50
1438,355,2,532,5,2964,3,3,50
1439,355,2,533,5,2969,6,6,50
1440,355,2,534,7,2976,3,3,70
1441,355,2,535,9,2985,4,4,90
1442,355,2,536,6,2991,2,2,60
1443,355,2,537,3,2994,2,2,30
1444,355,2,538,3,2997,3,3,30
1445,355,2,539,7,3004,4,4,70
1446,355,2,540,6,3010,2,2,60
1447,355,2,541,7,3017,2,2,70
1448,355,2,542,3,3020,1,1,30
1449,355,2,543,8,3028,4,4,80
1450,355,2,544,5,3033,2,2,50
1451,355,2,545,4,3037,7,7,40
1452,355,2,546,7,3044,3,3,70
1453,355,2,547,4,3048,1,1,40
1454,355,2,548,7,3055,1,1,70
1455,355,2,549,9,3064,2,2,90
1456,355,2,550,4,3068,1,1,40
1457,355,2,551,4,3072,2,2,40
1458,355,2,552,6,3078,2,2,60
1459,355,2,553,9,3087,2,2,90
1460,355,2,554,5,3092,3,3,50
1461,355,2,555,9,3101,1,1,90
1462,355,2,556,4,3105,2,2,40
1463,355,2,557,2,3107,1,1,20
1464,355,2,558,2,3109,1,1,20
1465,355,2,559,3,3112,0,0,30
1466,355,2,560,9,3121,3,3,90
1467,355,2,561,6,3127,3,3,60
1468,355,2,562,5,3132,2,2,50
1469,355,2,563,5,3137,7,7,50
1470,355,2,564,5,3142,5,5,50
1471,355,2,565,4,3146,5,5,40
1472,355,2,566,9,3155,5,5,90
1473,355,2,567,5,3160,4,4,50
1474,355,2,568,2,3162,1,0,20
1475,355,2,569,3,3165,3,3,30
1476,355,2,570,9,3174,7,4,90
1477,355,2,571,5,3179,8,8,50
1478,355,2,572,5,3184,4,4,50
1479,355,2,573,3,3187,6,2,30
1480,355,2,574,6,3193,8,8,60
1481,355,2,575,2,3195,0,0,20
1482,355,2,576,7,3202,5,5,70
1483,355,2,577,6,3208,3,3,60
1484,355,2,578,2,3210,0,0,20
1485,355,2,579,7,3217,7,7,70
1486,355,2,580,8,3225,1,1,80
1487,355,2,581,7,3232,1,1,70
1488,355,2,582,4,3236,3,3,40
1489,355,2,583,7,3243,0,0,70
1490,355,2,584,9,3252,2,2,90
1491,355,2,585,7,3259,4,4,70
1492,355,2,586,2,3261,1,1,20
1493,355,2,587,2,3263,0,0,20
1494,355,2,588,5,3268,1,1,50
1495,355,2,589,8,3276,4,4,80
1496,355,2,590,4,3280,2,2,40
1497,355,2,591,7,3287,3,3,70
1498,355,2,592,7,3294,2,2,70
1499,355,2,593,9,3303,3,3,90
1500,355,2,594,6,3309,2,2,60
1501,355,2,595,4,3313,0,0,40
1502,355,2,596,6,3319,7,7,60
1503,355,2,597,7,3326,5,5,70
1504,355,2,598,6,3332,4,3,60
1505,355,2,599,7,3339,2,2,70
1506,355,2,600,2,3341,0,0,20
1507,355,2,601,9,3350,4,4,90
1508,355,2,602,2,3352,0,0,20
1509,355,2,603,7,3359,4,4,70
1510,355,2,604,7,3366,1,1,70
1511,355,2,605,7,3373,3,3,70
1512,355,2,606,6,3379,4,4,60
1513,355,2,607,8,3387,4,4,80
1514,355,2,608,4,3391,1,0,40
1515,355,2,609,9,3400,5,5,90
1516,355,2,610,6,3406,5,5,60
1517,355,2,611,3,3409,0,0,30
1518,355,2,612,8,3417,4,4,80
1519,355,2,613,8,3425,2,2,80
1520,355,2,614,2,3427,2,2,20
1521,355,2,615,2,3429,1,1,20
1522,355,2,616,7,3436,7,7,70
1523,355,2,617,3,3439,2,2,30
1524,355,2,618,8,3447,4,4,80
1525,355,2,619,6,3453,1,1,60
1526,355,2,620,5,3458,2,2,50
1527,355,2,621,2,3460,1,1,20
1528,355,2,622,4,3464,1,1,40
1529,355,2,623,8,3472,8,8,80
1530,355,2,624,6,3478,2,2,60
1531,355,2,625,3,3481,2,2,30
1532,355,2,626,4,3485,3,0,40
1533,355,2,627,6,3491,6,6,60
1534,355,2,628,3,3494,1,1,30
1535,355,2,629,7,3501,3,3,70
1536,355,2,630,9,3510,2,2,90
1537,355,2,631,6,3516,3,0,60
1538,355,2,632,8,3524,9,9,80
1539,355,2,633,2,3526,1,1,20
1540,355,2,634,5,3531,4,4,50
1541,355,2,635,2,3533,2,1,20
1542,355,2,636,6,3539,4,4,60
1543,355,2,637,2,3541,0,0,20
1544,355,2,638,7,3548,5,5,70
1545,355,2,639,7,3555,1,1,70
1546,355,2,640,6,3561,3,3,60
1547,355,2,641,4,3565,2,2,40
1548,355,2,642,3,3568,0,0,30
1549,355,2,643,2,3570,3,3,20
1550,355,2,644,9,3579,5,5,90
1551,355,2,645,6,3585,6,6,60
1552,355,2,646,5,3590,2,2,50
1553,355,2,647,7,3597,2,2,70
1554,355,2,648,4,3601,1,0,40
1555,355,2,649,6,3607,5,5,60
1556,355,2,650,6,3613,5,5,60
1557,355,2,651,7,3620,1,1,70
1558,355,2,652,6,3626,3,3,60
1559,355,2,653,6,3632,9,9,60
1560,355,2,654,6,3638,8,8,60
1561,355,2,655,3,3641,1,1,30
1562,355,2,656,8,3649,4,4,80
1563,355,2,657,9,3658,5,5,90
1564,355,2,658,8,3666,2,2,80
1565,355,2,659,7,3673,3,2,70
1566,355,2,660,5,3678,8,8,50
1567,355,2,661,8,3686,5,5,80
1568,355,2,662,9,3695,3,3,90
1569,355,2,663,6,3701,1,1,60
1570,355,2,664,3,3704,1,1,30
1571,355,2,665,5,3709,7,7,50
1572,355,2,666,6,3715,1,1,60
1573,355,2,667,6,3721,5,5,60
1574,355,2,668,5,3726,2,2,50
1575,355,2,669,9,3735,8,8,90
1576,355,2,670,9,3744,6,6,90
1577,355,2,671,4,3748,1,0,40
1578,355,2,672,7,3755,3,3,70
1579,355,2,673,4,3759,0,0,40
1580,355,2,674,3,3762,0,0,30
1581,355,2,675,3,3765,2,2,30
1582,355,2,676,8,3773,6,6,80
1583,355,2,677,4,3777,1,1,40
1584,355,2,678,5,3782,3,3,50
1585,355,2,679,3,3785,1,1,30
1586,355,2,680,9,3794,4,4,90
1587,355,2,681,2,3796,1,1,20
1588,355,2,682,3,3799,2,2,30
1589,355,2,683,4,3803,3,3,40
1590,355,2,684,8,3811,5,5,80
1591,355,2,685,2,3813,2,2,20
1592,355,2,686,5,3818,2,1,50
1593,355,2,687,4,3822,2,2,40
1594,355,2,688,3,3825,2,2,30
1595,355,2,689,9,3834,3,3,90
1596,355,2,690,3,3837,1,1,30
1597,355,2,691,9,3846,5,5,90
1598,355,2,692,8,3854,1,1,80
1599,355,2,693,8,3862,2,0,80
1600,355,2,694,7,3869,6,6,70
1601,355,2,695,6,3875,2,2,60
1602,355,2,696,5,3880,1,1,50
1603,355,2,697,4,3884,5,5,40
1604,355,2,698,9,3893,4,4,90
1605,355,2,699,3,3896,2,2,30
1606,355,2,700,9,3905,5,5,90
1607,355,2,701,7,3912,5,5,70
1608,355,2,702,7,3919,8,8,70
1609,355,2,703,2,3921,0,0,20
1610,355,2,704,5,3926,4,4,50
1611,355,2,705,7,3933,1,1,70
1612,355,2,706,4,3937,4,4,40
1613,355,2,707,8,3945,1,1,80
1614,355,2,708,5,3950,1,1,50
1615,355,2,709,8,3958,3,3,80
1616,355,2,710,6,3964,3,3,60
1617,355,2,711,6,3970,5,5,60
1618,355,2,712,6,3976,3,3,60
1619,355,2,713,6,3982,2,2,60
1620,355,2,714,6,3988,2,2,60
1621,355,2,715,3,3991,1,1,30
1622,355,2,716,8,3999,4,4,80
1623,355,2,717,9,4008,3,3,90
1624,355,2,718,9,4017,6,6,90
1625,355,2,719,2,4019,0,0,20
1626,355,2,720,8,4027,2,2,80
1627,355,2,721,7,4034,8,6,70
1628,355,2,722,3,4037,4,4,30
1629,355,2,723,6,4043,3,3,60
1630,355,2,724,9,4052,3,3,90
1631,355,2,725,5,4057,3,3,50
1632,355,2,726,5,4062,2,2,50
1633,355,2,727,2,4064,0,0,20
1634,355,2,728,6,4070,0,0,60
1635,355,2,729,2,4072,0,0,20
1636,355,2,730,6,4078,2,2,60
1637,355,2,731,5,4083,1,1,50
1638,355,2,732,8,4091,1,0,80
1639,355,2,733,4,4095,3,3,40
1640,355,2,734,9,4104,4,4,90
1641,355,2,735,9,4113,9,8,90
1642,355,2,736,4,4117,3,3,40
1643,355,2,737,3,4120,2,2,30
1644,355,2,738,6,4126,3,3,60
1645,355,2,739,4,4130,3,3,40
1646,355,2,740,8,4138,0,0,80
1647,355,2,741,4,4142,2,2,40
1648,355,2,742,8,4150,4,4,80
1649,355,2,743,2,4152,1,1,20
1650,355,2,744,4,4156,2,2,40
1651,355,2,745,2,4158,2,2,20
1652,355,2,746,5,4163,3,3,50
1653,355,2,747,2,4165,2,2,20
1654,355,2,748,2,4167,0,0,20
1655,355,2,749,7,4174,3,3,70
1656,355,2,750,7,4181,2,2,70
1657,355,2,751,9,4190,6,6,90
1658,355,2,752,4,4194,2,2,40
1659,355,2,753,4,4198,2,2,40
1660,355,2,754,5,4203,3,3,50
1661,355,2,755,9,4212,2,2,90
1662,355,2,756,4,4216,2,2,40
1663,355,2,757,4,4220,2,2,40
1664,355,2,758,7,4227,3,3,70
1665,355,2,759,2,4229,0,0,20
1666,355,2,760,8,4237,7,7,80
1667,355,2,761,5,4242,3,3,50
1668,355,2,762,2,4244,0,0,20
1669,355,2,763,6,4250,2,1,60
1670,355,2,764,4,4254,1,1,40
1671,355,2,765,3,4257,0,0,30
1672,355,2,766,7,4264,2,2,70
1673,355,2,767,4,4268,2,2,40
1674,355,2,768,7,4275,3,3,70
1675,355,2,769,7,4282,2,1,70
1676,355,2,770,7,4289,7,7,70
1677,355,2,771,2,4291,1,1,20
1678,355,2,772,8,4299,6,6,80
1679,355,2,773,8,4307,1,1,80
1680,355,2,774,6,4313,5,5,60
1681,355,2,775,4,4317,5,5,40
1682,355,2,776,2,4319,1,1,20
1683,355,2,777,9,4328,2,2,90
1684,355,2,778,5,4333,3,3,50
1685,355,2,779,8,4341,2,2,80
1686,355,2,780,9,4350,4,4,90
1687,355,2,781,4,4354,3,3,40
1688,355,2,782,9,4363,5,5,90
1689,355,2,783,5,4368,2,2,50
1690,355,2,784,5,4373,2,0,50
1691,355,2,785,8,4381,6,6,80
1692,355,2,786,4,4385,2,2,40
1693,355,2,787,9,4394,4,4,90
1694,355,2,788,5,4399,3,3,50
1695,355,2,789,9,4408,7,7,90
1696,355,2,790,7,4415,4,4,70
1697,355,2,791,8,4423,3,3,80
1698,355,2,792,4,4427,4,4,40
1699,355,2,793,6,4433,1,1,60
1700,355,2,794,7,4440,3,3,70
1701,355,2,795,4,4444,1,1,40
1702,355,2,796,8,4452,8,8,80
1703,355,2,797,2,4454,3,3,20
1704,355,2,798,6,4460,5,5,60
1705,355,2,799,6,4466,2,2,60
1706,355,2,800,7,4473,3,3,70
1707,355,2,801,4,4477,2,2,40
1708,355,2,802,9,4486,2,2,90
1709,355,2,803,8,4494,6,6,80
1710,355,2,804,4,4498,3,3,40
1711,355,2,805,6,4504,4,4,60
1712,355,2,806,3,4507,2,2,30
1713,355,2,807,3,4510,2,2,30
1714,355,2,808,7,4517,2,2,70
1715,355,2,809,9,4526,3,3,90
1716,355,2,810,2,4528,1,1,20
1717,355,2,811,2,4530,0,0,20
1718,355,2,812,2,4532,1,1,20
1719,355,2,813,3,4535,5,5,30
1720,355,2,814,3,4538,1,1,30
1721,355,2,815,6,4544,5,5,60
1722,355,2,816,9,4553,10,10,90
1723,355,2,817,2,4555,0,0,20
1724,355,2,818,6,4561,7,7,60
1725,355,2,819,5,4566,1,1,50
1726,355,2,820,5,4571,5,5,50
1727,355,2,821,8,4579,3,3,80
1728,355,2,822,3,4582,2,2,30
1729,355,2,823,6,4588,5,5,60
1730,355,2,824,3,4591,2,2,30
1731,355,2,825,7,4598,4,4,70
1732,355,2,826,9,4607,5,5,90
1733,355,2,827,5,4612,4,4,50
1734,355,2,828,6,4618,2,2,60
1735,355,2,829,5,4623,2,2,50
1736,355,2,830,3,4626,1,1,30
1737,355,2,831,4,4630,3,3,40
1738,355,2,832,4,4634,2,2,40
1739,355,2,833,5,4639,4,4,50
1740,355,2,834,5,4644,2,2,50
1741,355,2,835,5,4649,2,2,50
1742,355,2,836,6,4655,4,4,60
1743,355,2,837,7,4662,1,1,70
1744,355,2,838,6,4668,1,1,60
1745,355,2,839,5,4673,2,2,50
1746,355,2,840,2,4675,1,1,20
1747,355,2,841,3,4678,1,1,30
1748,355,2,842,6,4684,1,1,60
1749,355,2,843,2,4686,0,0,20
1750,355,2,844,6,4692,1,1,60
1751,355,2,845,4,4696,1,1,40
1752,355,2,846,4,4700,2,2,40
1753,355,2,847,7,4707,4,4,70
1754,355,2,848,7,4714,4,4,70
1755,355,2,849,3,4717,2,2,30
1756,355,2,850,9,4726,6,6,90
1757,355,2,851,5,4731,3,3,50
1758,355,2,852,5,4736,3,3,50
1759,355,2,853,7,4743,5,5,70
1760,355,2,854,5,4748,2,2,50
1761,355,2,855,6,4754,7,7,60
1762,355,2,856,8,4762,6,6,80
1763,355,2,857,8,4770,7,7,80
1764,355,2,858,2,4772,0,0,20
1765,355,2,859,6,4778,2,2,60
1766,355,2,860,3,4781,0,0,30
1767,355,2,861,7,4788,5,3,70
1768,355,2,862,6,4794,6,6,60
1769,355,2,863,8,4802,1,0,80
1770,355,2,864,6,4808,5,5,60
1771,355,2,865,4,4812,0,0,40
1772,355,2,866,6,4818,2,2,60
1773,355,2,867,2,4820,2,2,20
1774,355,2,868,6,4826,2,2,60
1775,355,2,869,9,4835,3,3,90
1776,355,2,870,9,4844,5,5,90
1777,355,2,871,7,4851,5,5,70
1778,355,2,872,2,4853,0,0,20
1779,355,2,873,7,4860,6,6,70
1780,355,2,874,3,4863,2,2,30
1781,355,2,875,2,4865,0,0,20
1782,355,2,876,3,4868,0,0,30
1783,355,2,877,9,4877,3,3,90
1784,355,2,878,3,4880,2,2,30
1785,355,2,879,4,4884,1,1,40
1786,355,2,880,9,4893,5,5,90
1787,355,2,881,4,4897,2,2,40
1788,355,2,882,8,4905,4,4,80
1789,355,2,883,2,4907,1,1,20
1790,355,2,884,6,4913,3,3,60
1791,355,2,885,7,4920,6,6,70
1792,355,2,886,7,4927,2,2,70
1793,355,2,887,7,4934,3,3,70
1794,355,2,888,5,4939,1,1,50
1795,355,2,889,9,4948,3,3,90
1796,355,2,890,3,4951,1,1,30
1797,355,2,891,3,4954,1,0,30
1798,355,2,892,7,4961,7,7,70
1799,355,2,893,4,4965,1,1,40
1800,355,2,894,2,4967,0,0,20
1801,355,2,895,8,4975,2,2,80
1802,355,2,896,3,4978,0,0,30
1803,355,2,897,4,4982,0,0,40
1804,355,2,898,6,4988,5,5,60
1805,355,2,899,6,4994,3,3,60
1806,355,3,1,3,3,0,0,30
1807,355,3,2,2,5,0,0,20
1808,355,3,3,7,12,3,3,70
1809,355,3,4,7,19,8,8,70
1810,355,3,5,8,27,3,3,80
1811,355,3,6,5,32,3,3,50
1812,355,3,7,3,35,3,3,30
1813,355,3,8,6,41,4,4,60
1814,355,3,9,5,46,1,1,50
1815,355,3,10,9,55,4,4,90
1816,355,3,11,7,62,5,5,70
1817,355,3,12,4,66,1,1,40
1818,355,3,13,4,70,0,0,40
1819,355,3,14,8,78,7,7,80
1820,355,3,15,7,85,7,7,70
1821,355,3,16,7,92,1,1,70
1822,355,3,17,2,94,3,1,20
1823,355,3,18,4,98,4,4,40
1824,355,3,19,8,106,4,4,80
1825,355,3,20,7,113,2,2,70
1826,355,3,21,7,120,4,4,70
1827,355,3,22,6,126,0,0,60
1828,355,3,23,6,132,3,3,60
1829,355,3,24,8,140,2,2,80
1830,355,3,25,9,149,3,3,90
1831,355,3,26,2,151,0,0,20
1832,355,3,27,6,157,2,2,60
1833,355,3,28,5,162,5,5,50
1834,355,3,29,6,168,4,4,60
1835,355,3,30,4,172,4,4,40
1836,355,3,31,4,176,2,2,40
1837,355,3,32,2,178,0,0,20
1838,355,3,33,5,183,7,7,50
1839,355,3,34,6,189,3,3,60
1840,355,3,35,4,193,2,2,40
1841,355,3,36,6,199,1,1,60
1842,355,3,37,3,202,0,0,30
1843,355,3,38,5,207,0,0,50
1844,355,3,39,9,216,5,5,90
1845,355,3,40,3,219,3,3,30
1846,355,3,41,7,226,1,1,70
1847,355,3,42,9,235,4,4,90
1848,355,3,43,3,238,2,2,30
1849,355,3,44,5,243,3,3,50
1850,355,3,45,9,252,3,3,90
1851,355,3,46,6,258,2,2,60
1852,355,3,47,5,263,4,4,50
1853,355,3,48,9,272,1,1,90
1854,355,3,49,7,279,2,2,70
1855,355,3,50,6,285,3,3,60
1856,355,3,51,8,293,6,6,80
1857,355,3,52,3,296,1,1,30
1858,355,3,53,8,304,3,3,80
1859,355,3,54,9,313,6,6,90
1860,355,3,55,8,321,4,4,80
1861,355,3,56,9,330,3,3,90
1862,355,3,57,2,332,1,1,20
1863,355,3,58,2,334,0,0,20
1864,355,3,59,6,340,4,4,60
1865,355,3,60,7,347,4,4,70
1866,355,3,61,2,349,2,2,20
1867,355,3,62,4,353,2,2,40
1868,355,3,63,7,360,0,0,70
1869,355,3,64,6,366,4,4,60
1870,355,3,65,2,368,0,0,20
1871,355,3,66,5,373,1,1,50
1872,355,3,67,9,382,4,4,90
1873,355,3,68,8,390,7,7,80
1874,355,3,69,3,393,5,5,30
1875,355,3,70,2,395,2,2,20
1876,355,3,71,5,400,3,3,50
1877,355,3,72,7,407,4,4,70
1878,355,3,73,6,413,5,5,60
1879,355,3,74,9,422,2,2,90
1880,355,3,75,9,431,3,3,90
1881,355,3,76,9,440,7,7,90
1882,355,3,77,7,447,5,5,70
1883,355,3,78,2,449,2,2,20
1884,355,3,79,3,452,2,2,30
1885,355,3,80,8,460,4,4,80
1886,355,3,81,9,469,5,5,90
1887,355,3,82,4,473,2,2,40
1888,355,3,83,9,482,3,2,90
1889,355,3,84,3,485,3,3,30
1890,355,3,85,5,490,7,7,50
1891,355,3,86,8,498,4,4,80
1892,355,3,87,4,502,1,1,40
1893,355,3,88,7,509,5,5,70
1894,355,3,89,9,518,4,4,90
1895,355,3,90,4,522,4,4,40
1896,355,3,91,3,525,3,3,30
1897,355,3,92,3,528,0,0,30
1898,355,3,93,9,537,4,1,90
1899,355,3,94,3,540,4,4,30
1900,355,3,95,3,543,1,1,30
1901,355,3,96,4,547,4,4,40
1902,355,3,97,5,552,3,3,50
1903,355,3,98,8,560,3,3,80
1904,355,3,99,8,568,2,2,80
1905,355,3,100,2,570,1,1,20
1906,355,3,101,8,578,6,6,80
1907,355,3,102,4,582,3,3,40
1908,355,3,103,7,589,1,1,70
1909,355,3,104,8,597,4,4,80
1910,355,3,105,5,602,4,4,50
1911,355,3,106,9,611,4,4,90
1912,355,3,107,2,613,2,2,20
1913,355,3,108,2,615,0,0,20
1914,355,3,109,4,619,5,5,40
1915,355,3,110,4,623,2,2,40
1916,355,3,111,3,626,2,2,30
1917,355,3,112,6,632,4,4,60
1918,355,3,113,5,637,6,6,50
1919,355,3,114,4,641,1,1,40
1920,355,3,115,6,647,4,4,60
1921,355,3,116,7,654,4,4,70
1922,355,3,117,9,663,3,3,90
1923,355,3,118,6,669,1,0,60
1924,355,3,119,7,676,3,3,70
1925,355,3,120,4,680,3,3,40
1926,355,3,121,5,685,1,1,50
1927,355,3,122,5,690,3,3,50
1928,355,3,123,9,699,1,1,90
1929,355,3,124,3,702,1,1,30
1930,355,3,125,5,707,1,1,50
1931,355,3,126,9,716,9,9,90
1932,355,3,127,8,724,5,5,80
1933,355,3,128,5,729,5,5,50
1934,355,3,129,9,738,4,4,90
1935,355,3,130,2,740,0,0,20
1936,355,3,131,9,749,6,6,90
1937,355,3,132,9,758,6,6,90
1938,355,3,133,2,760,1,1,20
1939,355,3,134,4,764,2,2,40
1940,355,3,135,7,771,3,3,70
1941,355,3,136,7,778,5,5,70
1942,355,3,137,5,783,1,1,50
1943,355,3,138,2,785,1,1,20
1944,355,3,139,6,791,3,3,60
1945,355,3,140,9,800,5,5,90
1946,355,3,141,3,803,2,2,30
1947,355,3,142,5,808,3,3,50
1948,355,3,143,2,810,2,2,20
1949,355,3,144,4,814,1,1,40
1950,355,3,145,9,823,6,6,90
1951,355,3,146,3,826,3,3,30
1952,355,3,147,8,834,4,4,80
1953,355,3,148,6,840,1,0,60
1954,355,3,149,2,842,1,1,20
1955,355,3,150,3,845,1,0,30
1956,355,3,151,6,851,3,3,60
1957,355,3,152,8,859,4,4,80
1958,355,3,153,7,866,3,3,70
1959,355,3,154,6,872,1,1,60
1960,355,3,155,9,881,4,4,90
1961,355,3,156,9,890,5,5,90
1962,355,3,157,4,894,2,2,40
1963,355,3,158,9,903,6,6,90
1964,355,3,159,9,912,3,3,90
1965,355,3,160,2,914,3,3,20
1966,355,3,161,2,916,0,0,20
1967,355,3,162,5,921,3,3,50
1968,355,3,163,9,930,1,1,90
1969,355,3,164,3,933,2,2,30
1970,355,3,165,5,938,1,1,50
1971,355,3,166,4,942,3,3,40
1972,355,3,167,7,949,2,2,70
1973,355,3,168,9,958,5,5,90
1974,355,3,169,8,966,4,4,80
1975,355,3,170,8,974,4,3,80
1976,355,3,171,8,982,7,7,80
1977,355,3,172,9,991,2,2,90
1978,355,3,173,7,998,3,3,70
1979,355,3,174,9,1007,2,2,90
1980,355,3,175,6,1013,2,2,60
1981,355,3,176,7,1020,1,1,70
1982,355,3,177,6,1026,4,4,60
1983,355,3,178,8,1034,1,1,80
1984,355,3,179,5,1039,4,4,50
1985,355,3,180,2,1041,0,0,20
1986,355,3,181,9,1050,4,4,90
1987,355,3,182,7,1057,4,4,70
1988,355,3,183,9,1066,3,3,90
1989,355,3,184,8,1074,4,4,80
1990,355,3,185,7,1081,6,5,70
1991,355,3,186,6,1087,3,3,60
1992,355,3,187,5,1092,2,2,50
1993,355,3,188,7,1099,1,1,70
1994,355,3,189,7,1106,3,3,70
1995,355,3,190,9,1115,6,6,90
1996,355,3,191,6,1121,5,5,60
1997,355,3,192,4,1125,0,0,40
1998,355,3,193,7,1132,5,5,70
1999,355,3,194,4,1136,1,1,40
2000,355,3,195,3,1139,1,1,30
2001,355,3,196,5,1144,3,3,50
2002,355,3,197,7,1151,3,3,70
2003,355,3,198,2,1153,1,1,20
2004,355,3,199,4,1157,2,2,40
2005,355,3,200,2,1159,2,2,20
2006,355,3,201,4,1163,1,1,40
2007,355,3,202,3,1166,1,1,30
2008,355,3,203,5,1171,1,1,50
2009,355,3,204,8,1179,6,6,80
2010,355,3,205,9,1188,6,6,90
2011,355,3,206,9,1197,5,5,90
2012,355,3,207,6,1203,2,2,60
2013,355,3,208,4,1207,2,2,40
2014,355,3,209,6,1213,0,0,60
2015,355,3,210,6,1219,3,3,60
2016,355,3,211,8,1227,4,4,80
2017,355,3,212,7,1234,3,3,70
2018,355,3,213,2,1236,0,0,20
2019,355,3,214,9,1245,3,3,90
2020,355,3,215,2,1247,1,1,20
2021,355,3,216,3,1250,2,2,30
2022,355,3,217,2,1252,2,2,20
2023,355,3,218,3,1255,1,1,30
2024,355,3,219,5,1260,2,2,50
2025,355,3,220,8,1268,2,2,80
2026,355,3,221,4,1272,1,1,40
2027,355,3,222,8,1280,8,8,80
2028,355,3,223,7,1287,4,4,70
2029,355,3,224,2,1289,1,1,20
2030,355,3,225,2,1291,2,2,20
2031,355,3,226,9,1300,6,6,90
2032,355,3,227,3,1303,1,1,30
2033,355,3,228,5,1308,2,2,50
2034,355,3,229,4,1312,0,0,40
2035,355,3,230,7,1319,3,3,70
2036,355,3,231,2,1321,0,0,20
2037,355,3,232,3,1324,2,2,30
2038,355,3,233,3,1327,4,4,30
2039,355,3,234,2,1329,0,0,20
2040,355,3,235,2,1331,3,3,20
2041,355,3,236,4,1335,4,4,40
2042,355,3,237,3,1338,1,1,30
2043,355,3,238,9,1347,3,3,90
2044,355,3,239,9,1356,10,8,90
2045,355,3,240,6,1362,8,8,60
2046,355,3,241,7,1369,4,4,70
2047,355,3,242,3,1372,1,1,30
2048,355,3,243,5,1377,1,1,50
2049,355,3,244,9,1386,6,6,90
2050,355,3,245,2,1388,0,0,20
2051,355,3,246,9,1397,5,5,90
2052,355,3,247,4,1401,1,1,40
2053,355,3,248,8,1409,5,5,80
2054,355,3,249,3,1412,2,0,30
2055,355,3,250,7,1419,6,2,70
2056,355,3,251,7,1426,6,6,70
2057,355,3,252,5,1431,1,1,50
2058,355,3,253,3,1434,1,1,30
2059,355,3,254,9,1443,6,6,90
2060,355,3,255,2,1445,0,0,20
2061,355,3,256,7,1452,2,1,70
2062,355,3,257,6,1458,2,2,60
2063,355,3,258,2,1460,3,3,20
2064,355,3,259,7,1467,1,1,70
2065,355,3,260,7,1474,2,2,70
2066,355,3,261,3,1477,2,2,30
2067,355,3,262,2,1479,0,0,20
2068,355,3,263,9,1488,5,5,90
2069,355,3,264,8,1496,1,1,80
2070,355,3,265,8,1504,5,5,80
2071,355,3,266,9,1513,5,5,90
2072,355,3,267,3,1516,1,1,30
2073,355,3,268,2,1518,0,0,20
2074,355,3,269,8,1526,4,4,80
2075,355,3,270,7,1533,2,2,70
2076,355,3,271,5,1538,4,4,50
2077,355,3,272,5,1543,3,3,50
2078,355,3,273,9,1552,3,3,90
2079,355,3,274,8,1560,3,3,80
2080,355,3,275,4,1564,2,2,40
2081,355,3,276,7,1571,3,3,70
2082,355,3,277,8,1579,6,6,80
2083,355,3,278,3,1582,1,1,30
2084,355,3,279,8,1590,4,4,80
2085,355,3,280,6,1596,2,2,60
2086,355,3,281,4,1600,0,0,40
2087,355,3,282,6,1606,4,4,60
2088,355,3,283,8,1614,3,3,80
2089,355,3,284,8,1622,6,6,80
2090,355,3,285,4,1626,1,1,40
2091,355,3,286,4,1630,2,2,40
2092,355,3,287,7,1637,4,4,70
2093,355,3,288,7,1644,3,3,70
2094,355,3,289,7,1651,7,7,70
2095,355,3,290,4,1655,3,3,40
2096,355,3,291,8,1663,3,3,80
2097,355,3,292,3,1666,2,2,30
2098,355,3,293,6,1672,4,4,60
2099,355,3,294,9,1681,4,4,90
2100,355,3,295,3,1684,1,1,30
2101,355,3,296,5,1689,1,1,50
2102,355,3,297,9,1698,4,4,90
2103,355,3,298,3,1701,5,5,30
2104,355,3,299,2,1703,1,1,20
2105,355,3,300,4,1707,6,6,40
2106,355,3,301,5,1712,2,2,50
2107,355,3,302,6,1718,3,3,60
2108,355,3,303,5,1723,2,2,50
2109,355,3,304,4,1727,2,2,40
2110,355,3,305,7,1734,3,3,70
2111,355,3,306,6,1740,2,0,60
2112,355,3,307,5,1745,8,8,50
2113,355,3,308,6,1751,3,3,60
2114,355,3,309,7,1758,1,1,70
2115,355,3,310,6,1764,3,3,60
2116,355,3,311,8,1772,6,6,80
2117,355,3,312,2,1774,0,0,20
2118,355,3,313,6,1780,6,6,60
2119,355,3,314,2,1782,0,0,20
2120,355,3,315,4,1786,2,2,40
2121,355,3,316,7,1793,7,7,70
2122,355,3,317,4,1797,3,3,40
2123,355,3,318,8,1805,3,3,80
2124,355,3,319,5,1810,2,1,50
2125,355,3,320,6,1816,4,2,60
2126,355,3,321,2,1818,2,2,20
2127,355,3,322,3,1821,2,2,30
2128,355,3,323,7,1828,4,4,70
2129,355,3,324,5,1833,0,0,50
2130,355,3,325,6,1839,2,2,60
2131,355,3,326,3,1842,3,3,30
2132,355,3,327,4,1846,1,1,40
2133,355,3,328,2,1848,2,2,20
2134,355,3,329,5,1853,1,1,50
2135,355,3,330,5,1858,4,4,50
2136,355,3,331,6,1864,5,5,60
2137,355,3,332,7,1871,4,4,70
2138,355,3,333,8,1879,2,2,80
2139,355,3,334,6,1885,2,2,60
2140,355,3,335,2,1887,1,1,20
2141,355,3,336,5,1892,2,2,50
2142,355,3,337,4,1896,1,1,40
2143,355,3,338,5,1901,6,6,50
2144,355,3,339,6,1907,1,1,60
2145,355,3,340,6,1913,2,2,60
2146,355,3,341,4,1917,1,1,40
2147,355,3,342,6,1923,4,4,60
2148,355,3,343,2,1925,0,0,20
2149,355,3,344,9,1934,2,2,90
2150,355,3,345,4,1938,3,3,40
2151,355,3,346,3,1941,1,1,30
2152,355,3,347,6,1947,4,4,60
2153,355,3,348,2,1949,1,1,20
2154,355,3,349,8,1957,8,8,80
2155,355,3,350,9,1966,6,6,90
2156,355,3,351,4,1970,2,2,40
2157,355,3,352,3,1973,1,1,30
2158,355,3,353,3,1976,1,0,30
2159,355,3,354,5,1981,1,1,50
2160,355,3,355,7,1988,3,3,70
2161,355,3,356,6,1994,2,2,60
2162,355,3,357,6,2000,2,2,60
2163,355,3,358,2,2002,1,0,20
2164,355,3,359,6,2008,5,5,60
2165,355,3,360,4,2012,5,5,40
2166,355,3,361,9,2021,7,7,90
2167,355,3,362,2,2023,3,3,20
2168,355,3,363,9,2032,1,1,90
2169,355,3,364,5,2037,3,3,50
2170,355,3,365,7,2044,3,3,70
2171,355,3,366,4,2048,2,2,40
2172,355,3,367,2,2050,2,2,20
2173,355,3,368,9,2059,5,5,90
2174,355,3,369,7,2066,0,0,70
2175,355,3,370,2,2068,1,1,20
2176,355,3,371,6,2074,0,0,60
2177,355,3,372,5,2079,3,3,50
2178,355,3,373,5,2084,3,3,50
2179,355,3,374,7,2091,1,1,70
2180,355,3,375,6,2097,1,1,60
2181,355,3,376,8,2105,1,1,80
2182,355,3,377,2,2107,1,1,20
2183,355,3,378,3,2110,1,1,30
2184,355,3,379,2,2112,3,3,20
2185,355,3,380,9,2121,4,4,90
2186,355,3,381,3,2124,3,3,30
2187,355,3,382,2,2126,0,0,20
2188,355,3,383,6,2132,3,3,60
2189,355,3,384,6,2138,2,2,60
2190,355,3,385,3,2141,1,1,30
2191,355,3,386,4,2145,0,0,40
2192,355,3,387,6,2151,2,2,60
2193,355,3,388,2,2153,1,1,20
2194,355,3,389,5,2158,2,2,50
2195,355,3,390,4,2162,2,2,40
2196,355,3,391,6,2168,2,2,60
2197,355,3,392,9,2177,5,5,90
2198,355,3,393,6,2183,5,5,60
2199,355,3,394,5,2188,1,1,50
2200,355,3,395,2,2190,0,0,20
2201,355,3,396,6,2196,3,3,60
2202,355,3,397,5,2201,2,2,50
2203,355,3,398,6,2207,2,2,60
2204,355,3,399,6,2213,3,3,60
2205,355,3,400,5,2218,3,3,50
2206,355,3,401,2,2220,2,2,20
2207,355,3,402,2,2222,1,1,20
2208,355,3,403,2,2224,2,2,20
2209,355,3,404,8,2232,3,0,80
2210,355,3,405,5,2237,4,4,50
2211,355,3,406,3,2240,1,1,30
2212,355,3,407,4,2244,6,6,40
2213,355,3,408,8,2252,4,4,80
2214,355,3,409,4,2256,2,2,40
2215,355,3,410,4,2260,6,6,40
2216,355,3,411,3,2263,1,1,30
2217,355,3,412,7,2270,4,4,70
2218,355,3,413,3,2273,1,0,30
2219,355,3,414,5,2278,5,5,50
2220,355,3,415,4,2282,0,0,40
2221,355,3,416,5,2287,3,3,50
2222,355,3,417,9,2296,5,5,90
2223,355,3,418,8,2304,2,2,80
2224,355,3,419,9,2313,6,6,90
2225,355,3,420,8,2321,5,5,80
2226,355,3,421,6,2327,4,4,60
2227,355,3,422,8,2335,6,2,80
2228,355,3,423,3,2338,5,5,30
2229,355,3,424,4,2342,2,2,40
2230,355,3,425,8,2350,4,4,80
2231,355,3,426,8,2358,4,4,80
2232,355,3,427,8,2366,1,1,80
2233,355,3,428,7,2373,7,7,70
2234,355,3,429,8,2381,3,3,80
2235,355,3,430,9,2390,7,7,90
2236,355,3,431,2,2392,2,2,20
2237,355,3,432,3,2395,1,1,30
2238,355,3,433,2,2397,0,0,20
2239,355,3,434,4,2401,2,2,40
2240,355,3,435,8,2409,5,5,80
2241,355,3,436,5,2414,3,3,50
2242,355,3,437,5,2419,1,1,50
2243,355,3,438,9,2428,3,3,90
2244,355,3,439,2,2430,1,1,20
2245,355,3,440,3,2433,2,2,30
2246,355,3,441,5,2438,2,0,50
2247,355,3,442,5,2443,6,6,50
2248,355,3,443,6,2449,4,4,60
2249,355,3,444,7,2456,3,3,70
2250,355,3,445,9,2465,5,5,90
2251,355,3,446,4,2469,0,0,40
2252,355,3,447,5,2474,2,2,50
2253,355,3,448,6,2480,3,1,60
2254,355,3,449,5,2485,5,5,50
2255,355,3,450,9,2494,7,7,90
2256,355,3,451,6,2500,1,1,60
2257,355,3,452,7,2507,4,4,70
2258,355,3,453,6,2513,3,2,60
2259,355,3,454,4,2517,5,5,40
2260,355,3,455,3,2520,0,0,30
2261,355,3,456,6,2526,4,4,60
2262,355,3,457,3,2529,4,4,30
2263,355,3,458,8,2537,3,3,80
2264,355,3,459,6,2543,3,3,60
2265,355,3,460,8,2551,9,9,80
2266,355,3,461,6,2557,4,4,60
2267,355,3,462,2,2559,0,0,20
2268,355,3,463,6,2565,3,3,60
2269,355,3,464,6,2571,3,3,60
2270,355,3,465,3,2574,3,3,30
2271,355,3,466,2,2576,2,2,20
2272,355,3,467,8,2584,3,3,80
2273,355,3,468,4,2588,1,1,40
2274,355,3,469,7,2595,5,5,70
2275,355,3,470,6,2601,3,3,60
2276,355,3,471,8,2609,1,1,80
2277,355,3,472,2,2611,0,0,20
2278,355,3,473,4,2615,1,1,40
2279,355,3,474,2,2617,1,1,20
2280,355,3,475,9,2626,6,6,90
2281,355,3,476,6,2632,2,2,60
2282,355,3,477,2,2634,1,1,20
2283,355,3,478,7,2641,4,4,70
2284,355,3,479,6,2647,7,7,60
2285,355,3,480,8,2655,3,3,80
2286,355,3,481,7,2662,5,5,70
2287,355,3,482,9,2671,2,2,90
2288,355,3,483,7,2678,3,3,70
2289,355,3,484,4,2682,3,3,40
2290,355,3,485,6,2688,2,2,60
2291,355,3,486,4,2692,2,2,40
2292,355,3,487,7,2699,0,0,70
2293,355,3,488,9,2708,6,6,90
2294,355,3,489,8,2716,6,6,80
2295,355,3,490,2,2718,0,0,20
2296,355,3,491,2,2720,2,2,20
2297,355,3,492,6,2726,1,1,60
2298,355,3,493,3,2729,0,0,30
2299,355,3,494,2,2731,2,2,20
2300,355,3,495,7,2738,5,5,70
2301,355,3,496,9,2747,6,6,90
2302,355,3,497,8,2755,5,5,80
2303,355,3,498,8,2763,9,9,80
2304,355,3,499,8,2771,5,5,80
2305,355,3,500,6,2777,4,4,60
2306,355,3,501,6,2783,2,2,60
2307,355,3,502,3,2786,1,1,30
2308,355,3,503,9,2795,5,5,90
2309,355,3,504,7,2802,7,7,70
2310,355,3,505,9,2811,5,5,90
2311,355,3,506,4,2815,0,0,40
2312,355,3,507,3,2818,1,1,30
2313,355,3,508,5,2823,4,4,50
2314,355,3,509,7,2830,1,1,70
2315,355,3,510,9,2839,8,8,90
2316,355,3,511,2,2841,0,0,20
2317,355,3,512,6,2847,4,4,60
2318,355,3,513,4,2851,0,0,40
2319,355,3,514,8,2859,3,3,80
2320,355,3,515,4,2863,2,2,40
2321,355,3,516,7,2870,4,4,70
2322,355,3,517,7,2877,5,5,70
2323,355,3,518,9,2886,7,7,90
2324,355,3,519,2,2888,2,2,20
2325,355,3,520,6,2894,4,4,60
2326,355,3,521,2,2896,1,1,20
2327,355,3,522,2,2898,2,2,20
2328,355,3,523,4,2902,3,3,40
2329,355,3,524,5,2907,2,2,50
2330,355,3,525,3,2910,0,0,30
2331,355,3,526,4,2914,2,2,40
2332,355,3,527,4,2918,2,2,40
2333,355,3,528,3,2921,1,1,30
2334,355,3,529,7,2928,6,6,70
2335,355,3,530,2,2930,1,1,20
2336,355,3,531,7,2937,2,2,70
2337,355,3,532,4,2941,3,3,40
2338,355,3,533,2,2943,0,0,20
2339,355,3,534,4,2947,2,2,40
2340,355,3,535,5,2952,1,1,50
2341,355,3,536,2,2954,1,1,20
2342,355,3,537,7,2961,2,2,70
2343,355,3,538,3,2964,3,3,30
2344,355,3,539,8,2972,6,6,80
2345,355,3,540,8,2980,6,6,80
2346,355,3,541,3,2983,0,0,30
2347,355,3,542,3,2986,0,0,30
2348,355,3,543,2,2988,1,1,20
2349,355,3,544,9,2997,6,6,90
2350,355,3,545,9,3006,5,5,90
2351,355,3,546,4,3010,5,5,40
2352,355,3,547,2,3012,0,0,20
2353,355,3,548,8,3020,6,6,80
2354,355,3,549,3,3023,0,0,30
2355,355,3,550,8,3031,5,5,80
2356,355,3,551,7,3038,3,3,70
2357,355,3,552,6,3044,2,2,60
2358,355,3,553,6,3050,5,5,60
2359,355,3,554,7,3057,8,8,70
2360,355,3,555,2,3059,0,0,20
2361,355,3,556,6,3065,3,3,60
2362,355,3,557,7,3072,3,3,70
2363,355,3,558,3,3075,1,1,30
2364,355,3,559,4,3079,1,1,40
2365,355,3,560,8,3087,3,3,80
2366,355,3,561,2,3089,0,0,20
2367,355,3,562,8,3097,6,6,80
2368,355,3,563,9,3106,4,0,90
2369,355,3,564,6,3112,4,4,60
2370,355,3,565,4,3116,4,4,40
2371,355,3,566,3,3119,1,0,30
2372,355,3,567,5,3124,5,5,50
2373,355,3,568,6,3130,4,1,60
2374,355,3,569,3,3133,4,4,30
2375,355,3,570,2,3135,0,0,20
2376,355,3,571,3,3138,0,0,30
2377,355,3,572,3,3141,0,0,30
2378,355,3,573,3,3144,3,3,30
2379,355,3,574,4,3148,1,1,40
2380,355,3,575,9,3157,3,3,90
2381,355,3,576,8,3165,3,3,80
2382,355,3,577,6,3171,4,4,60
2383,355,3,578,4,3175,1,1,40
2384,355,3,579,4,3179,1,1,40
2385,355,3,580,7,3186,7,7,70
2386,355,3,581,9,3195,5,5,90
2387,355,3,582,3,3198,1,1,30
2388,355,3,583,7,3205,6,2,70
2389,355,3,584,4,3209,6,6,40
2390,355,3,585,9,3218,8,8,90
2391,355,3,586,2,3220,2,2,20
2392,355,3,587,3,3223,1,1,30
2393,355,3,588,4,3227,1,1,40
2394,355,3,589,9,3236,6,6,90
2395,355,3,590,6,3242,1,1,60
2396,355,3,591,2,3244,0,0,20
2397,355,3,592,9,3253,3,3,90
2398,355,3,593,9,3262,6,6,90
2399,355,3,594,8,3270,4,4,80
2400,355,3,595,8,3278,3,3,80
2401,355,3,596,7,3285,1,1,70
2402,355,3,597,7,3292,3,3,70
2403,355,3,598,4,3296,3,3,40
2404,355,3,599,5,3301,7,7,50
2405,355,3,600,3,3304,2,2,30
2406,355,3,601,6,3310,3,3,60
2407,355,3,602,5,3315,1,1,50
2408,355,3,603,2,3317,1,1,20
2409,355,3,604,4,3321,2,2,40
2410,355,3,605,6,3327,3,3,60
2411,355,3,606,4,3331,4,4,40
2412,355,3,607,2,3333,0,0,20
2413,355,3,608,6,3339,2,2,60
2414,355,3,609,5,3344,1,1,50
2415,355,3,610,7,3351,1,1,70
2416,355,3,611,4,3355,2,2,40
2417,355,3,612,3,3358,1,1,30
2418,355,3,613,7,3365,4,4,70
2419,355,3,614,6,3371,4,1,60
2420,355,3,615,3,3374,5,5,30
2421,355,3,616,7,3381,9,9,70
2422,355,3,617,6,3387,1,1,60
2423,355,3,618,6,3393,4,4,60
2424,355,3,619,7,3400,0,0,70
2425,355,3,620,3,3403,1,1,30
2426,355,3,621,6,3409,4,4,60
2427,355,3,622,9,3418,8,8,90
2428,355,3,623,6,3424,3,3,60
2429,355,3,624,2,3426,0,0,20
2430,355,3,625,9,3435,3,3,90
2431,355,3,626,2,3437,0,0,20
2432,355,3,627,9,3446,7,7,90
2433,355,3,628,6,3452,3,3,60
2434,355,3,629,5,3457,4,4,50
2435,355,3,630,8,3465,3,3,80
2436,355,3,631,8,3473,6,6,80
2437,355,3,632,3,3476,2,0,30
2438,355,3,633,9,3485,4,4,90
2439,355,3,634,6,3491,6,6,60
2440,355,3,635,8,3499,8,8,80
2441,355,3,636,8,3507,4,4,80
2442,355,3,637,3,3510,3,3,30
2443,355,3,638,9,3519,3,0,90
2444,355,3,639,6,3525,5,5,60
2445,355,3,640,9,3534,4,4,90
2446,355,3,641,7,3541,4,4,70
2447,355,3,642,7,3548,3,3,70
2448,355,3,643,9,3557,4,4,90
2449,355,3,644,2,3559,3,3,20
2450,355,3,645,5,3564,2,2,50
2451,355,3,646,4,3568,1,1,40
2452,355,3,647,8,3576,3,3,80
2453,355,3,648,2,3578,2,2,20
2454,355,3,649,2,3580,1,1,20
2455,355,3,650,6,3586,5,4,60
2456,355,3,651,9,3595,6,6,90
2457,355,3,652,7,3602,5,5,70
2458,355,3,653,9,3611,3,3,90
2459,355,3,654,7,3618,6,6,70
2460,355,3,655,7,3625,4,4,70
2461,355,3,656,4,3629,2,2,40
2462,355,3,657,6,3635,1,1,60
2463,355,3,658,7,3642,9,9,70
2464,355,3,659,5,3647,1,0,50
2465,355,3,660,2,3649,1,1,20
2466,355,3,661,6,3655,3,3,60
2467,355,3,662,7,3662,4,4,70
2468,355,3,663,7,3669,4,4,70
2469,355,3,664,5,3674,3,3,50
2470,355,3,665,6,3680,4,4,60
2471,355,3,666,5,3685,0,0,50
2472,355,3,667,5,3690,2,2,50
2473,355,3,668,4,3694,1,1,40
2474,355,3,669,5,3699,3,3,50
2475,355,3,670,4,3703,1,1,40
2476,355,3,671,8,3711,3,3,80
2477,355,3,672,9,3720,6,6,90
2478,355,3,673,5,3725,5,5,50
2479,355,3,674,9,3734,3,3,90
2480,355,3,675,4,3738,0,0,40
2481,355,3,676,8,3746,7,7,80
2482,355,3,677,4,3750,2,2,40
2483,355,3,678,8,3758,5,5,80
2484,355,3,679,3,3761,4,4,30
2485,355,3,680,3,3764,2,2,30
2486,355,3,681,8,3772,8,8,80
2487,355,3,682,6,3778,3,3,60
2488,355,3,683,3,3781,0,0,30
2489,355,3,684,4,3785,1,1,40
2490,355,3,685,2,3787,1,1,20
2491,355,3,686,9,3796,1,1,90
2492,355,3,687,9,3805,7,7,90
2493,355,3,688,6,3811,1,1,60
2494,355,3,689,2,3813,0,0,20
2495,355,3,690,5,3818,2,2,50
2496,355,3,691,2,3820,1,1,20
2497,355,3,692,4,3824,2,2,40
2498,355,3,693,7,3831,3,3,70
2499,355,3,694,4,3835,1,1,40
2500,355,3,695,4,3839,2,2,40
2501,355,3,696,6,3845,1,1,60
2502,355,3,697,6,3851,2,2,60
2503,355,3,698,4,3855,1,1,40
2504,355,3,699,4,3859,0,0,40
2505,355,3,700,5,3864,4,4,50
2506,355,3,701,5,3869,1,1,50
2507,355,3,702,3,3872,0,0,30
2508,355,3,703,6,3878,0,0,60
2509,355,3,704,9,3887,4,3,90
2510,355,3,705,5,3892,5,5,50
2511,355,3,706,9,3901,2,2,90
2512,355,3,707,5,3906,1,1,50
2513,355,3,708,7,3913,7,7,70
2514,355,3,709,2,3915,2,2,20
2515,355,3,710,9,3924,2,2,90
2516,355,3,711,9,3933,4,4,90
2517,355,3,712,9,3942,2,2,90
2518,355,3,713,8,3950,1,1,80
2519,355,3,714,5,3955,3,3,50
2520,355,3,715,5,3960,3,3,50
2521,355,3,716,2,3962,0,0,20
2522,355,3,717,3,3965,0,0,30
2523,355,3,718,3,3968,2,2,30
2524,355,3,719,5,3973,0,0,50
2525,355,3,720,5,3978,3,1,50
2526,355,3,721,2,3980,2,2,20
2527,355,3,722,9,3989,6,6,90
2528,355,3,723,7,3996,4,4,70
2529,355,3,724,5,4001,4,4,50
2530,355,3,725,4,4005,0,0,40
2531,355,3,726,5,4010,2,2,50
2532,355,3,727,2,4012,0,0,20
2533,355,3,728,9,4021,3,2,90
2534,355,3,729,8,4029,9,9,80
2535,355,3,730,8,4037,5,5,80
2536,355,3,731,9,4046,3,3,90
2537,355,3,732,3,4049,0,0,30
2538,355,3,733,3,4052,0,0,30
2539,355,3,734,8,4060,7,7,80
2540,355,3,735,8,4068,3,3,80
2541,355,3,736,8,4076,4,4,80
2542,355,3,737,2,4078,0,0,20
2543,355,3,738,4,4082,1,0,40
2544,355,3,739,8,4090,5,5,80
2545,355,3,740,2,4092,1,1,20
2546,355,3,741,2,4094,1,1,20
2547,355,3,742,9,4103,8,4,90
2548,355,3,743,5,4108,4,4,50
2549,355,3,744,7,4115,4,4,70
2550,355,3,745,8,4123,3,3,80
2551,355,3,746,8,4131,1,1,80
2552,355,3,747,2,4133,2,2,20
2553,355,3,748,2,4135,0,0,20
2554,355,3,749,6,4141,3,3,60
2555,355,3,750,7,4148,2,2,70
2556,355,3,751,4,4152,0,0,40
2557,355,3,752,6,4158,1,1,60
2558,355,3,753,4,4162,1,1,40
2559,355,3,754,7,4169,1,1,70
2560,355,3,755,5,4174,2,2,50
2561,355,3,756,5,4179,2,2,50
2562,355,3,757,7,4186,7,7,70
2563,355,3,758,6,4192,3,3,60
2564,355,3,759,9,4201,5,5,90
2565,355,3,760,8,4209,5,5,80
2566,355,3,761,4,4213,2,2,40
2567,355,3,762,9,4222,2,1,90
2568,355,3,763,5,4227,5,5,50
2569,355,3,764,9,4236,1,1,90
2570,355,3,765,4,4240,6,6,40
2571,355,3,766,9,4249,5,5,90
2572,355,3,767,7,4256,4,4,70
2573,355,3,768,3,4259,1,1,30
2574,355,3,769,3,4262,1,1,30
2575,355,3,770,9,4271,4,4,90
2576,355,3,771,9,4280,4,4,90
2577,355,3,772,6,4286,4,4,60
2578,355,3,773,5,4291,3,3,50
2579,355,3,774,4,4295,4,4,40
2580,355,3,775,2,4297,0,0,20
2581,355,3,776,9,4306,7,7,90
2582,355,3,777,8,4314,2,2,80
2583,355,3,778,8,4322,7,7,80
2584,355,3,779,6,4328,2,2,60
2585,355,3,780,5,4333,1,1,50
2586,355,3,781,8,4341,4,4,80
2587,355,3,782,6,4347,4,4,60
2588,355,3,783,6,4353,3,3,60
2589,355,3,784,7,4360,2,2,70
2590,355,3,785,6,4366,4,4,60
2591,355,3,786,2,4368,1,1,20
2592,355,3,787,7,4375,2,2,70
2593,355,3,788,9,4384,9,9,90
2594,355,3,789,5,4389,2,2,50
2595,355,3,790,2,4391,1,1,20
2596,355,3,791,8,4399,5,5,80
2597,355,3,792,9,4408,4,4,90
2598,355,3,793,5,4413,8,8,50
2599,355,3,794,2,4415,1,1,20
2600,355,3,795,4,4419,3,3,40
2601,355,3,796,9,4428,4,4,90
2602,355,3,797,5,4433,3,3,50
2603,355,3,798,9,4442,4,4,90
2604,355,3,799,8,4450,4,4,80
2605,355,3,800,8,4458,7,7,80
2606,355,3,801,6,4464,0,0,60
2607,355,3,802,5,4469,2,2,50
2608,355,3,803,2,4471,1,1,20
2609,355,3,804,3,4474,2,2,30
2610,355,3,805,5,4479,2,2,50
2611,355,3,806,6,4485,3,3,60
2612,355,3,807,9,4494,1,1,90
2613,355,3,808,2,4496,1,1,20
2614,355,3,809,4,4500,1,1,40
2615,355,3,810,9,4509,4,4,90
2616,355,3,811,4,4513,0,0,40
2617,355,3,812,2,4515,1,1,20
2618,355,3,813,5,4520,3,3,50
2619,355,3,814,7,4527,1,1,70
2620,355,3,815,8,4535,6,6,80
2621,355,3,816,9,4544,8,8,90
2622,355,3,817,2,4546,0,0,20
2623,355,3,818,7,4553,6,6,70
2624,355,3,819,7,4560,2,2,70
2625,355,3,820,9,4569,2,2,90
2626,355,3,821,3,4572,2,2,30
2627,355,3,822,6,4578,1,1,60
2628,355,3,823,7,4585,3,3,70
2629,355,3,824,2,4587,0,0,20
2630,355,3,825,3,4590,0,0,30
2631,355,3,826,5,4595,1,1,50
2632,355,3,827,6,4601,2,2,60
2633,355,3,828,5,4606,4,4,50
2634,355,3,829,9,4615,5,5,90
2635,355,3,830,5,4620,2,2,50
2636,355,3,831,9,4629,3,3,90
2637,355,3,832,7,4636,2,2,70
2638,355,3,833,9,4645,4,4,90
2639,355,3,834,5,4650,4,4,50
2640,355,3,835,3,4653,0,0,30
2641,355,3,836,7,4660,6,6,70
2642,355,3,837,3,4663,6,6,30
2643,355,3,838,5,4668,3,3,50
2644,355,3,839,6,4674,3,2,60
2645,355,3,840,7,4681,4,4,70
2646,355,3,841,6,4687,3,3,60
2647,355,3,842,9,4696,3,3,90
2648,355,3,843,8,4704,5,5,80
2649,355,3,844,6,4710,2,2,60
2650,355,3,845,2,4712,0,0,20
2651,355,3,846,5,4717,1,1,50
2652,355,3,847,2,4719,1,1,20
2653,355,3,848,8,4727,4,4,80
2654,355,3,849,6,4733,2,2,60
2655,355,3,850,5,4738,0,0,50
2656,355,3,851,9,4747,2,2,90
2657,355,3,852,5,4752,3,3,50
2658,355,3,853,7,4759,2,2,70
2659,355,3,854,9,4768,1,1,90
2660,355,3,855,9,4777,8,8,90
2661,355,3,856,8,4785,3,3,80
2662,355,3,857,6,4791,6,6,60
2663,355,3,858,4,4795,4,4,40
2664,355,3,859,6,4801,2,2,60
2665,355,3,860,9,4810,4,4,90
2666,355,3,861,5,4815,3,3,50
2667,355,3,862,2,4817,1,1,20
2668,355,3,863,7,4824,2,2,70
2669,355,3,864,2,4826,1,1,20
2670,355,3,865,3,4829,1,1,30
2671,355,3,866,4,4833,2,1,40
2672,355,3,867,2,4835,1,1,20
2673,355,3,868,9,4844,3,3,90
2674,355,3,869,2,4846,1,1,20
2675,355,3,870,7,4853,2,2,70
2676,355,3,871,3,4856,1,1,30
2677,355,3,872,4,4860,0,0,40
2678,355,3,873,7,4867,1,1,70
2679,355,3,874,3,4870,0,0,30
2680,355,3,875,8,4878,5,5,80
2681,355,3,876,9,4887,8,8,90
2682,355,3,877,4,4891,2,2,40
2683,355,3,878,8,4899,3,3,80
2684,355,3,879,2,4901,5,5,20
2685,355,3,880,6,4907,0,0,60
2686,355,3,881,6,4913,0,0,60
2687,355,3,882,8,4921,6,6,80
2688,355,3,883,7,4928,3,3,70
2689,355,3,884,7,4935,2,2,70
2690,355,3,885,8,4943,2,2,80
2691,355,3,886,6,4949,4,2,60
2692,355,3,887,9,4958,8,8,90
2693,355,3,888,2,4960,0,0,20
2694,355,3,889,3,4963,1,1,30
2695,355,3,890,9,4972,0,0,90
2696,355,3,891,5,4977,2,2,50
2697,355,3,892,3,4980,0,0,30
2698,355,3,893,9,4989,7,7,90
2699,355,3,894,9,4998,8,8,90
