,Scenario,Trial,Inspection,Interval,Time,Defects,Rate
0,335,1,1,4,4,0,40
1,335,1,2,5,9,0,50
2,335,1,3,5,14,0,50
3,335,1,4,3,17,0,30
4,335,1,5,2,19,0,20
5,335,1,6,6,25,240,60
6,335,1,7,6,31,0,60
7,335,1,8,2,33,0,20
8,335,1,9,9,42,0,90
9,335,1,10,7,49,0,70
10,335,1,11,7,56,0,70
11,335,1,12,7,63,0,70
12,335,1,13,4,67,0,40
13,335,1,14,4,71,0,40
14,335,1,15,7,78,0,70
15,335,1,16,6,84,0,60
16,335,1,17,2,86,0,20
17,335,1,18,8,94,0,80
18,335,1,19,3,97,0,30
19,335,1,20,2,99,0,20
20,335,1,21,9,108,0,90
21,335,1,22,7,115,0,70
22,335,1,23,8,123,0,80
23,335,1,24,8,131,0,80
24,335,1,25,4,135,0,40
25,335,1,26,2,137,1161,20
26,335,1,27,7,144,0,70
27,335,1,28,3,147,0,30
28,335,1,29,8,155,0,80
29,335,1,30,5,160,0,50
30,335,1,31,8,168,0,80
31,335,1,32,5,173,0,50
32,335,1,33,9,182,0,90
33,335,1,34,2,184,0,20
34,335,1,35,2,186,0,20
35,335,1,36,7,193,0,70
36,335,1,37,9,202,0,90
37,335,1,38,8,210,0,80
38,335,1,39,4,214,0,40
39,335,1,40,6,220,0,60
40,335,1,41,2,222,0,20
41,335,1,42,3,225,0,30
42,335,1,43,3,228,0,30
43,335,1,44,3,231,0,30
44,335,1,45,9,240,0,90
45,335,1,46,8,248,0,80
46,335,1,47,8,256,0,80
47,335,1,48,2,258,0,20
48,335,1,49,2,260,0,20
49,335,1,50,6,266,0,60
50,335,1,51,2,268,0,20
51,335,1,52,2,270,0,20
52,335,1,53,3,273,0,30
53,335,1,54,9,282,0,90
54,335,1,55,3,285,0,30
55,335,1,56,6,291,0,60
56,335,1,57,8,299,0,80
57,335,1,58,3,302,0,30
58,335,1,59,8,310,1695,80
59,335,1,60,9,319,0,90
60,335,1,61,3,322,0,30
61,335,1,62,9,331,0,90
62,335,1,63,2,333,0,20
63,335,1,64,3,336,0,30
64,335,1,65,7,343,0,70
65,335,1,66,6,349,0,60
66,335,1,67,4,353,0,40
67,335,1,68,5,358,0,50
68,335,1,69,9,367,0,90
69,335,1,70,8,375,0,80
70,335,1,71,5,380,0,50
71,335,1,72,5,385,0,50
72,335,1,73,8,393,0,80
73,335,1,74,5,398,0,50
74,335,1,75,4,402,0,40
75,335,1,76,3,405,0,30
76,335,1,77,2,407,0,20
77,335,1,78,6,413,0,60
78,335,1,79,4,417,0,40
79,335,1,80,6,423,0,60
80,335,1,81,6,429,0,60
81,335,1,82,3,432,0,30
82,335,1,83,9,441,0,90
83,335,1,84,7,448,0,70
84,335,1,85,9,457,0,90
85,335,1,86,3,460,0,30
86,335,1,87,7,467,1622,70
87,335,1,88,6,473,71,60
88,335,1,89,6,479,0,60
89,335,1,90,5,484,0,50
90,335,1,91,6,490,0,60
91,335,1,92,9,499,0,90
92,335,1,93,8,507,0,80
93,335,1,94,6,513,0,60
94,335,1,95,7,520,0,70
95,335,1,96,3,523,0,30
96,335,1,97,2,525,0,20
97,335,1,98,3,528,0,30
98,335,1,99,2,530,0,20
99,335,1,100,9,539,0,90
100,335,1,101,9,548,0,90
101,335,1,102,3,551,0,30
102,335,1,103,6,557,0,60
103,335,1,104,4,561,0,40
104,335,1,105,4,565,0,40
105,335,1,106,9,574,0,90
106,335,1,107,4,578,0,40
107,335,1,108,8,586,0,80
108,335,1,109,8,594,0,80
109,335,1,110,4,598,1230,40
110,335,1,111,9,607,0,90
111,335,1,112,5,612,0,50
112,335,1,113,8,620,0,80
113,335,1,114,5,625,0,50
114,335,1,115,7,632,0,70
115,335,1,116,5,637,0,50
116,335,1,117,5,642,0,50
117,335,1,118,8,650,488,80
118,335,1,119,2,652,0,20
119,335,1,120,5,657,0,50
120,335,1,121,8,665,0,80
121,335,1,122,7,672,0,70
122,335,1,123,6,678,0,60
123,335,1,124,3,681,0,30
124,335,1,125,4,685,0,40
125,335,1,126,6,691,0,60
126,335,1,127,9,700,0,90
127,335,1,128,4,704,0,40
128,335,1,129,5,709,0,50
129,335,1,130,5,714,0,50
130,335,1,131,6,720,0,60
131,335,1,132,3,723,0,30
132,335,1,133,9,732,0,90
133,335,1,134,6,738,0,60
134,335,1,135,4,742,0,40
135,335,1,136,8,750,0,80
136,335,1,137,6,756,0,60
137,335,1,138,3,759,0,30
138,335,1,139,6,765,0,60
139,335,1,140,9,774,0,90
140,335,1,141,9,783,0,90
141,335,1,142,4,787,0,40
142,335,1,143,3,790,0,30
143,335,1,144,2,792,0,20
144,335,1,145,2,794,0,20
145,335,1,146,5,799,0,50
146,335,1,147,6,805,0,60
147,335,1,148,8,813,0,80
148,335,1,149,5,818,0,50
149,335,1,150,4,822,0,40
150,335,1,151,7,829,1773,70
151,335,1,152,9,838,0,90
152,335,1,153,2,840,0,20
153,335,1,154,9,849,0,90
154,335,1,155,7,856,0,70
155,335,1,156,2,858,0,20
156,335,1,157,7,865,0,70
157,335,1,158,2,867,0,20
158,335,1,159,7,874,435,70
159,335,1,160,2,876,15,20
160,335,1,161,9,885,0,90
161,335,1,162,6,891,131,60
162,335,1,163,6,897,0,60
163,335,1,164,5,902,0,50
164,335,1,165,6,908,182,60
165,335,1,166,9,917,0,90
166,335,1,167,3,920,0,30
167,335,1,168,8,928,0,80
168,335,1,169,3,931,0,30
169,335,1,170,8,939,0,80
170,335,1,171,3,942,0,30
171,335,1,172,2,944,0,20
172,335,1,173,2,946,0,20
173,335,1,174,3,949,0,30
174,335,1,175,2,951,0,20
175,335,1,176,5,956,445,50
176,335,1,177,8,964,0,80
177,335,1,178,6,970,0,60
178,335,1,179,5,975,0,50
179,335,1,180,3,978,0,30
180,335,1,181,9,987,0,90
181,335,1,182,3,990,0,30
182,335,1,183,6,996,0,60
183,335,1,184,8,1004,0,80
184,335,1,185,3,1007,0,30
185,335,1,186,3,1010,0,30
186,335,1,187,6,1016,0,60
187,335,1,188,7,1023,0,70
188,335,1,189,7,1030,0,70
189,335,1,190,2,1032,0,20
190,335,1,191,5,1037,0,50
191,335,1,192,4,1041,0,40
192,335,1,193,8,1049,0,80
193,335,1,194,8,1057,0,80
194,335,1,195,7,1064,0,70
195,335,1,196,3,1067,0,30
196,335,1,197,3,1070,0,30
197,335,1,198,2,1072,1238,20
198,335,1,199,7,1079,66,70
199,335,1,200,3,1082,0,30
200,335,1,201,8,1090,0,80
201,335,1,202,8,1098,0,80
202,335,1,203,3,1101,0,30
203,335,1,204,9,1110,0,90
204,335,1,205,7,1117,0,70
205,335,1,206,3,1120,0,30
206,335,1,207,2,1122,0,20
207,335,1,208,4,1126,0,40
208,335,1,209,4,1130,0,40
209,335,1,210,3,1133,0,30
210,335,1,211,6,1139,0,60
211,335,1,212,9,1148,0,90
212,335,1,213,3,1151,0,30
213,335,1,214,8,1159,0,80
214,335,1,215,4,1163,0,40
215,335,1,216,4,1167,0,40
216,335,1,217,2,1169,0,20
217,335,1,218,2,1171,903,20
218,335,1,219,8,1179,0,80
219,335,1,220,2,1181,0,20
220,335,1,221,2,1183,0,20
221,335,1,222,3,1186,0,30
222,335,1,223,3,1189,0,30
223,335,1,224,6,1195,0,60
224,335,1,225,6,1201,0,60
225,335,1,226,4,1205,0,40
226,335,1,227,3,1208,0,30
227,335,1,228,8,1216,0,80
228,335,1,229,4,1220,0,40
229,335,1,230,2,1222,0,20
230,335,1,231,3,1225,0,30
231,335,1,232,4,1229,0,40
232,335,1,233,9,1238,679,90
233,335,1,234,7,1245,0,70
234,335,1,235,9,1254,0,90
235,335,1,236,9,1263,0,90
236,335,1,237,9,1272,0,90
237,335,1,238,7,1279,413,70
238,335,1,239,8,1287,78,80
239,335,1,240,7,1294,74,70
240,335,1,241,6,1300,0,60
241,335,1,242,7,1307,0,70
242,335,1,243,7,1314,0,70
243,335,1,244,9,1323,0,90
244,335,1,245,5,1328,0,50
245,335,1,246,8,1336,0,80
246,335,1,247,9,1345,0,90
247,335,1,248,3,1348,0,30
248,335,1,249,8,1356,0,80
249,335,1,250,3,1359,0,30
250,335,1,251,8,1367,0,80
251,335,1,252,8,1375,0,80
252,335,1,253,6,1381,845,60
253,335,1,254,2,1383,0,20
254,335,1,255,2,1385,0,20
255,335,1,256,3,1388,0,30
256,335,1,257,4,1392,103,40
257,335,1,258,4,1396,0,40
258,335,1,259,2,1398,0,20
259,335,1,260,2,1400,0,20
260,335,1,261,2,1402,0,20
261,335,1,262,6,1408,0,60
262,335,1,263,3,1411,0,30
263,335,1,264,8,1419,0,80
264,335,1,265,7,1426,0,70
265,335,1,266,6,1432,0,60
266,335,1,267,2,1434,0,20
267,335,1,268,9,1443,0,90
268,335,1,269,6,1449,0,60
269,335,1,270,2,1451,0,20
270,335,1,271,7,1458,0,70
271,335,1,272,4,1462,710,40
272,335,1,273,3,1465,0,30
273,335,1,274,3,1468,0,30
274,335,1,275,6,1474,0,60
275,335,1,276,5,1479,0,50
276,335,1,277,7,1486,0,70
277,335,1,278,2,1488,268,20
278,335,1,279,9,1497,0,90
279,335,1,280,6,1503,0,60
280,335,1,281,7,1510,0,70
281,335,1,282,4,1514,0,40
282,335,1,283,6,1520,0,60
283,335,1,284,4,1524,0,40
284,335,1,285,8,1532,0,80
285,335,1,286,4,1536,0,40
286,335,1,287,6,1542,0,60
287,335,1,288,2,1544,0,20
288,335,1,289,2,1546,0,20
289,335,1,290,4,1550,0,40
290,335,1,291,2,1552,0,20
291,335,1,292,5,1557,0,50
292,335,1,293,5,1562,750,50
293,335,1,294,6,1568,0,60
294,335,1,295,2,1570,0,20
295,335,1,296,7,1577,143,70
296,335,1,297,7,1584,0,70
297,335,1,298,7,1591,0,70
298,335,1,299,7,1598,213,70
299,335,1,300,9,1607,0,90
300,335,1,301,6,1613,0,60
301,335,1,302,5,1618,0,50
302,335,1,303,3,1621,0,30
303,335,1,304,8,1629,0,80
304,335,1,305,4,1633,0,40
305,335,1,306,4,1637,0,40
306,335,1,307,5,1642,0,50
307,335,1,308,9,1651,0,90
308,335,1,309,2,1653,0,20
309,335,1,310,5,1658,0,50
310,335,1,311,9,1667,0,90
311,335,1,312,2,1669,0,20
312,335,1,313,4,1673,0,40
313,335,1,314,9,1682,0,90
314,335,1,315,2,1684,0,20
315,335,1,316,2,1686,0,20
316,335,1,317,3,1689,0,30
317,335,1,318,4,1693,0,40
318,335,1,319,7,1700,0,70
319,335,1,320,2,1702,0,20
320,335,1,321,9,1711,0,90
321,335,1,322,9,1720,1210,90
322,335,1,323,3,1723,0,30
323,335,1,324,9,1732,0,90
324,335,1,325,8,1740,0,80
325,335,1,326,2,1742,0,20
326,335,1,327,4,1746,0,40
327,335,1,328,2,1748,0,20
328,335,1,329,8,1756,0,80
329,335,1,330,7,1763,0,70
330,335,1,331,7,1770,0,70
331,335,1,332,9,1779,0,90
332,335,1,333,4,1783,0,40
333,335,1,334,4,1787,0,40
334,335,1,335,9,1796,0,90
335,335,1,336,6,1802,0,60
336,335,1,337,8,1810,0,80
337,335,1,338,4,1814,0,40
338,335,1,339,9,1823,0,90
339,335,1,340,7,1830,0,70
340,335,1,341,8,1838,0,80
341,335,1,342,5,1843,0,50
342,335,1,343,5,1848,0,50
343,335,1,344,8,1856,0,80
344,335,1,345,2,1858,0,20
345,335,1,346,4,1862,0,40
346,335,1,347,3,1865,0,30
347,335,1,348,5,1870,0,50
348,335,1,349,9,1879,0,90
349,335,1,350,9,1888,0,90
350,335,1,351,4,1892,0,40
351,335,1,352,6,1898,0,60
352,335,1,353,7,1905,1852,70
353,335,1,354,2,1907,0,20
354,335,1,355,4,1911,0,40
355,335,1,356,4,1915,0,40
356,335,1,357,6,1921,0,60
357,335,1,358,2,1923,0,20
358,335,1,359,2,1925,0,20
359,335,1,360,3,1928,233,30
360,335,1,361,6,1934,0,60
361,335,1,362,8,1942,0,80
362,335,1,363,4,1946,0,40
363,335,1,364,6,1952,0,60
364,335,1,365,5,1957,0,50
365,335,1,366,4,1961,0,40
366,335,1,367,9,1970,0,90
367,335,1,368,9,1979,0,90
368,335,1,369,4,1983,0,40
369,335,1,370,5,1988,0,50
370,335,1,371,8,1996,0,80
371,335,1,372,8,2004,0,80
372,335,1,373,4,2008,0,40
373,335,1,374,4,2012,0,40
374,335,1,375,4,2016,0,40
375,335,1,376,8,2024,0,80
376,335,1,377,9,2033,0,90
377,335,1,378,2,2035,0,20
378,335,1,379,6,2041,0,60
379,335,1,380,6,2047,0,60
380,335,1,381,5,2052,0,50
381,335,1,382,7,2059,0,70
382,335,1,383,3,2062,0,30
383,335,1,384,4,2066,0,40
384,335,1,385,6,2072,0,60
385,335,1,386,2,2074,0,20
386,335,1,387,8,2082,0,80
387,335,1,388,6,2088,0,60
388,335,1,389,9,2097,0,90
389,335,1,390,7,2104,0,70
390,335,1,391,9,2113,0,90
391,335,1,392,3,2116,0,30
392,335,1,393,9,2125,0,90
393,335,1,394,4,2129,0,40
394,335,1,395,9,2138,2049,90
395,335,1,396,9,2147,0,90
396,335,1,397,7,2154,0,70
397,335,1,398,7,2161,0,70
398,335,1,399,5,2166,0,50
399,335,1,400,9,2175,0,90
400,335,1,401,7,2182,0,70
401,335,1,402,9,2191,0,90
402,335,1,403,2,2193,0,20
403,335,1,404,9,2202,0,90
404,335,1,405,5,2207,0,50
405,335,1,406,6,2213,0,60
406,335,1,407,2,2215,0,20
407,335,1,408,8,2223,0,80
408,335,1,409,3,2226,0,30
409,335,1,410,8,2234,0,80
410,335,1,411,3,2237,0,30
411,335,1,412,8,2245,0,80
412,335,1,413,9,2254,0,90
413,335,1,414,2,2256,0,20
414,335,1,415,2,2258,0,20
415,335,1,416,4,2262,0,40
416,335,1,417,6,2268,0,60
417,335,1,418,5,2273,0,50
418,335,1,419,7,2280,0,70
419,335,1,420,9,2289,0,90
420,335,1,421,9,2298,1616,90
421,335,1,422,5,2303,46,50
422,335,1,423,5,2308,0,50
423,335,1,424,9,2317,0,90
424,335,1,425,7,2324,0,70
425,335,1,426,4,2328,0,40
426,335,1,427,3,2331,0,30
427,335,1,428,7,2338,0,70
428,335,1,429,4,2342,400,40
429,335,1,430,9,2351,0,90
430,335,1,431,5,2356,0,50
431,335,1,432,8,2364,0,80
432,335,1,433,5,2369,0,50
433,335,1,434,6,2375,331,60
434,335,1,435,2,2377,0,20
435,335,1,436,5,2382,69,50
436,335,1,437,8,2390,78,80
437,335,1,438,6,2396,0,60
438,335,1,439,8,2404,0,80
439,335,1,440,3,2407,0,30
440,335,1,441,7,2414,0,70
441,335,1,442,5,2419,0,50
442,335,1,443,7,2426,0,70
443,335,1,444,8,2434,0,80
444,335,1,445,5,2439,0,50
445,335,1,446,8,2447,0,80
446,335,1,447,7,2454,0,70
447,335,1,448,8,2462,705,80
448,335,1,449,5,2467,0,50
449,335,1,450,4,2471,93,40
450,335,1,451,8,2479,0,80
451,335,1,452,3,2482,0,30
452,335,1,453,6,2488,0,60
453,335,1,454,7,2495,0,70
454,335,1,455,6,2501,0,60
455,335,1,456,8,2509,0,80
456,335,1,457,2,2511,0,20
457,335,1,458,3,2514,0,30
458,335,1,459,9,2523,0,90
459,335,1,460,7,2530,0,70
460,335,1,461,6,2536,0,60
461,335,1,462,7,2543,0,70
462,335,1,463,3,2546,0,30
463,335,1,464,6,2552,0,60
464,335,1,465,3,2555,0,30
465,335,1,466,9,2564,0,90
466,335,1,467,4,2568,0,40
467,335,1,468,3,2571,0,30
468,335,1,469,6,2577,0,60
469,335,1,470,7,2584,0,70
470,335,1,471,2,2586,0,20
471,335,1,472,9,2595,0,90
472,335,1,473,5,2600,0,50
473,335,1,474,7,2607,0,70
474,335,1,475,9,2616,0,90
475,335,1,476,7,2623,0,70
476,335,1,477,2,2625,0,20
477,335,1,478,2,2627,0,20
478,335,1,479,2,2629,0,20
479,335,1,480,5,2634,0,50
480,335,1,481,3,2637,0,30
481,335,1,482,2,2639,0,20
482,335,1,483,4,2643,0,40
483,335,1,484,2,2645,1782,20
484,335,1,485,9,2654,0,90
485,335,1,486,8,2662,0,80
486,335,1,487,9,2671,0,90
487,335,1,488,8,2679,0,80
488,335,1,489,7,2686,433,70
489,335,1,490,4,2690,0,40
490,335,1,491,2,2692,0,20
491,335,1,492,3,2695,0,30
492,335,1,493,9,2704,0,90
493,335,1,494,3,2707,0,30
494,335,1,495,4,2711,275,40
495,335,1,496,8,2719,0,80
496,335,1,497,3,2722,0,30
497,335,1,498,3,2725,0,30
498,335,1,499,9,2734,0,90
499,335,1,500,7,2741,0,70
500,335,1,501,8,2749,0,80
501,335,1,502,6,2755,0,60
502,335,1,503,4,2759,492,40
503,335,1,504,8,2767,0,80
504,335,1,505,5,2772,0,50
505,335,1,506,4,2776,0,40
506,335,1,507,7,2783,0,70
507,335,1,508,7,2790,0,70
508,335,1,509,3,2793,0,30
509,335,1,510,6,2799,0,60
510,335,1,511,6,2805,0,60
511,335,1,512,8,2813,609,80
512,335,1,513,4,2817,0,40
513,335,1,514,5,2822,71,50
514,335,1,515,9,2831,0,90
515,335,1,516,9,2840,0,90
516,335,1,517,2,2842,0,20
517,335,1,518,9,2851,0,90
518,335,1,519,4,2855,0,40
519,335,1,520,4,2859,0,40
520,335,1,521,9,2868,0,90
521,335,1,522,5,2873,0,50
522,335,1,523,2,2875,0,20
523,335,1,524,5,2880,0,50
524,335,1,525,5,2885,0,50
525,335,1,526,5,2890,0,50
526,335,1,527,3,2893,0,30
527,335,1,528,9,2902,0,90
528,335,1,529,7,2909,0,70
529,335,1,530,2,2911,0,20
530,335,1,531,9,2920,0,90
531,335,1,532,9,2929,0,90
532,335,1,533,6,2935,0,60
533,335,1,534,2,2937,0,20
534,335,1,535,7,2944,0,70
535,335,1,536,6,2950,0,60
536,335,1,537,2,2952,0,20
537,335,1,538,5,2957,0,50
538,335,1,539,6,2963,0,60
539,335,1,540,9,2972,0,90
540,335,1,541,5,2977,0,50
541,335,1,542,3,2980,0,30
542,335,1,543,2,2982,0,20
543,335,1,544,9,2991,0,90
544,335,1,545,6,2997,0,60
545,335,1,546,2,2999,0,20
546,335,1,547,5,3004,0,50
547,335,1,548,8,3012,0,80
548,335,1,549,8,3020,0,80
549,335,1,550,8,3028,0,80
550,335,1,551,9,3037,0,90
551,335,1,552,8,3045,0,80
552,335,1,553,6,3051,0,60
553,335,1,554,8,3059,0,80
554,335,1,555,2,3061,0,20
555,335,1,556,5,3066,2539,50
556,335,1,557,8,3074,0,80
557,335,1,558,6,3080,0,60
558,335,1,559,5,3085,0,50
559,335,1,560,5,3090,0,50
560,335,1,561,8,3098,0,80
561,335,1,562,4,3102,0,40
562,335,1,563,4,3106,0,40
563,335,1,564,3,3109,0,30
564,335,1,565,8,3117,0,80
565,335,1,566,2,3119,0,20
566,335,1,567,6,3125,0,60
567,335,1,568,9,3134,0,90
568,335,1,569,9,3143,0,90
569,335,1,570,6,3149,0,60
570,335,1,571,2,3151,0,20
571,335,1,572,7,3158,0,70
572,335,1,573,5,3163,0,50
573,335,1,574,2,3165,0,20
574,335,1,575,8,3173,1049,80
575,335,1,576,2,3175,0,20
576,335,1,577,9,3184,0,90
577,335,1,578,7,3191,0,70
578,335,1,579,3,3194,0,30
579,335,1,580,8,3202,0,80
580,335,1,581,4,3206,0,40
581,335,1,582,2,3208,0,20
582,335,1,583,2,3210,0,20
583,335,1,584,5,3215,414,50
584,335,1,585,4,3219,0,40
585,335,1,586,4,3223,0,40
586,335,1,587,9,3232,0,90
587,335,1,588,6,3238,0,60
588,335,1,589,9,3247,0,90
589,335,1,590,7,3254,0,70
590,335,1,591,6,3260,497,60
591,335,1,592,2,3262,0,20
592,335,1,593,6,3268,0,60
593,335,1,594,9,3277,0,90
594,335,1,595,3,3280,0,30
595,335,1,596,9,3289,0,90
596,335,1,597,7,3296,0,70
597,335,1,598,6,3302,0,60
598,335,1,599,4,3306,0,40
599,335,1,600,6,3312,0,60
600,335,1,601,7,3319,0,70
601,335,1,602,9,3328,0,90
602,335,1,603,2,3330,703,20
603,335,1,604,6,3336,0,60
604,335,1,605,5,3341,0,50
605,335,1,606,4,3345,151,40
606,335,1,607,7,3352,0,70
607,335,1,608,6,3358,0,60
608,335,1,609,6,3364,0,60
609,335,1,610,5,3369,0,50
610,335,1,611,5,3374,0,50
611,335,1,612,6,3380,0,60
612,335,1,613,9,3389,0,90
613,335,1,614,9,3398,0,90
614,335,1,615,5,3403,0,50
615,335,1,616,7,3410,0,70
616,335,1,617,2,3412,0,20
617,335,1,618,4,3416,0,40
618,335,1,619,4,3420,0,40
619,335,1,620,2,3422,0,20
620,335,1,621,7,3429,0,70
621,335,1,622,8,3437,0,80
622,335,1,623,9,3446,0,90
623,335,1,624,2,3448,0,20
624,335,1,625,4,3452,0,40
625,335,1,626,4,3456,0,40
626,335,1,627,4,3460,0,40
627,335,1,628,2,3462,0,20
628,335,1,629,3,3465,0,30
629,335,1,630,7,3472,0,70
630,335,1,631,7,3479,0,70
631,335,1,632,6,3485,0,60
632,335,1,633,8,3493,0,80
633,335,1,634,2,3495,0,20
634,335,1,635,6,3501,0,60
635,335,1,636,9,3510,0,90
636,335,1,637,3,3513,0,30
637,335,1,638,6,3519,0,60
638,335,1,639,5,3524,0,50
639,335,1,640,5,3529,0,50
640,335,1,641,7,3536,0,70
641,335,1,642,8,3544,0,80
642,335,1,643,4,3548,0,40
643,335,1,644,8,3556,0,80
644,335,1,645,6,3562,2171,60
645,335,1,646,2,3564,0,20
646,335,1,647,3,3567,0,30
647,335,1,648,7,3574,0,70
648,335,1,649,8,3582,0,80
649,335,1,650,4,3586,0,40
650,335,1,651,3,3589,0,30
651,335,1,652,9,3598,0,90
652,335,1,653,4,3602,0,40
653,335,1,654,7,3609,0,70
654,335,1,655,5,3614,0,50
655,335,1,656,5,3619,0,50
656,335,1,657,2,3621,0,20
657,335,1,658,8,3629,0,80
658,335,1,659,5,3634,0,50
659,335,1,660,7,3641,0,70
660,335,1,661,4,3645,0,40
661,335,1,662,6,3651,0,60
662,335,1,663,4,3655,932,40
663,335,1,664,4,3659,0,40
664,335,1,665,4,3663,77,40
665,335,1,666,2,3665,0,20
666,335,1,667,2,3667,0,20
667,335,1,668,3,3670,0,30
668,335,1,669,4,3674,0,40
669,335,1,670,9,3683,0,90
670,335,1,671,5,3688,0,50
671,335,1,672,4,3692,0,40
672,335,1,673,8,3700,0,80
673,335,1,674,4,3704,0,40
674,335,1,675,9,3713,0,90
675,335,1,676,9,3722,0,90
676,335,1,677,9,3731,0,90
677,335,1,678,7,3738,0,70
678,335,1,679,8,3746,0,80
679,335,1,680,5,3751,0,50
680,335,1,681,2,3753,0,20
681,335,1,682,7,3760,0,70
682,335,1,683,2,3762,0,20
683,335,1,684,7,3769,1052,70
684,335,1,685,6,3775,0,60
685,335,1,686,6,3781,0,60
686,335,1,687,7,3788,0,70
687,335,1,688,7,3795,0,70
688,335,1,689,4,3799,0,40
689,335,1,690,6,3805,0,60
690,335,1,691,7,3812,0,70
691,335,1,692,2,3814,0,20
692,335,1,693,3,3817,0,30
693,335,1,694,9,3826,535,90
694,335,1,695,8,3834,0,80
695,335,1,696,6,3840,0,60
696,335,1,697,2,3842,0,20
697,335,1,698,3,3845,0,30
698,335,1,699,5,3850,0,50
699,335,1,700,3,3853,0,30
700,335,1,701,8,3861,0,80
701,335,1,702,5,3866,0,50
702,335,1,703,8,3874,488,80
703,335,1,704,4,3878,0,40
704,335,1,705,3,3881,0,30
705,335,1,706,4,3885,102,40
706,335,1,707,7,3892,0,70
707,335,1,708,4,3896,0,40
708,335,1,709,3,3899,0,30
709,335,1,710,8,3907,0,80
710,335,1,711,9,3916,0,90
711,335,1,712,6,3922,370,60
712,335,1,713,2,3924,22,20
713,335,1,714,3,3927,0,30
714,335,1,715,5,3932,74,50
715,335,1,716,2,3934,0,20
716,335,1,717,2,3936,0,20
717,335,1,718,6,3942,0,60
718,335,1,719,3,3945,0,30
719,335,1,720,9,3954,0,90
720,335,1,721,7,3961,0,70
721,335,1,722,5,3966,386,50
722,335,1,723,5,3971,0,50
723,335,1,724,6,3977,0,60
724,335,1,725,9,3986,0,90
725,335,1,726,9,3995,0,90
726,335,1,727,6,4001,0,60
727,335,1,728,7,4008,0,70
728,335,1,729,2,4010,0,20
729,335,1,730,8,4018,0,80
730,335,1,731,7,4025,0,70
731,335,1,732,2,4027,0,20
732,335,1,733,7,4034,0,70
733,335,1,734,5,4039,0,50
734,335,1,735,6,4045,0,60
735,335,1,736,4,4049,0,40
736,335,1,737,9,4058,0,90
737,335,1,738,7,4065,0,70
738,335,1,739,8,4073,0,80
739,335,1,740,7,4080,0,70
740,335,1,741,8,4088,0,80
741,335,1,742,2,4090,0,20
742,335,1,743,3,4093,1274,30
743,335,1,744,8,4101,78,80
744,335,1,745,5,4106,0,50
745,335,1,746,2,4108,0,20
746,335,1,747,9,4117,0,90
747,335,1,748,4,4121,0,40
748,335,1,749,2,4123,0,20
749,335,1,750,3,4126,0,30
750,335,1,751,6,4132,0,60
751,335,1,752,3,4135,0,30
752,335,1,753,3,4138,0,30
753,335,1,754,4,4142,0,40
754,335,1,755,9,4151,0,90
755,335,1,756,5,4156,0,50
756,335,1,757,3,4159,0,30
757,335,1,758,2,4161,0,20
758,335,1,759,5,4166,0,50
759,335,1,760,5,4171,0,50
760,335,1,761,8,4179,0,80
761,335,1,762,6,4185,0,60
762,335,1,763,2,4187,0,20
763,335,1,764,6,4193,0,60
764,335,1,765,9,4202,0,90
765,335,1,766,3,4205,0,30
766,335,1,767,4,4209,0,40
767,335,1,768,5,4214,0,50
768,335,1,769,4,4218,0,40
769,335,1,770,2,4220,0,20
770,335,1,771,2,4222,0,20
771,335,1,772,9,4231,0,90
772,335,1,773,9,4240,0,90
773,335,1,774,9,4249,0,90
774,335,1,775,2,4251,1506,20
775,335,1,776,8,4259,0,80
776,335,1,777,3,4262,102,30
777,335,1,778,7,4269,0,70
778,335,1,779,7,4276,0,70
779,335,1,780,4,4280,0,40
780,335,1,781,2,4282,0,20
781,335,1,782,6,4288,0,60
782,335,1,783,4,4292,0,40
783,335,1,784,6,4298,0,60
784,335,1,785,8,4306,0,80
785,335,1,786,6,4312,0,60
786,335,1,787,2,4314,0,20
787,335,1,788,6,4320,0,60
788,335,1,789,2,4322,0,20
789,335,1,790,2,4324,0,20
790,335,1,791,2,4326,0,20
791,335,1,792,8,4334,693,80
792,335,1,793,7,4341,77,70
793,335,1,794,6,4347,0,60
794,335,1,795,7,4354,0,70
795,335,1,796,3,4357,150,30
796,335,1,797,9,4366,0,90
797,335,1,798,6,4372,129,60
798,335,1,799,2,4374,0,20
799,335,1,800,8,4382,0,80
800,335,1,801,6,4388,0,60
801,335,1,802,7,4395,0,70
802,335,1,803,5,4400,0,50
803,335,1,804,3,4403,0,30
804,335,1,805,8,4411,0,80
805,335,1,806,3,4414,0,30
806,335,1,807,6,4420,0,60
807,335,1,808,6,4426,0,60
808,335,1,809,4,4430,0,40
809,335,1,810,8,4438,0,80
810,335,1,811,3,4441,0,30
811,335,1,812,7,4448,792,70
812,335,1,813,7,4455,78,70
813,335,1,814,2,4457,0,20
814,335,1,815,5,4462,0,50
815,335,1,816,4,4466,0,40
816,335,1,817,2,4468,0,20
817,335,1,818,6,4474,0,60
818,335,1,819,7,4481,0,70
819,335,1,820,7,4488,337,70
820,335,1,821,2,4490,0,20
821,335,1,822,2,4492,0,20
822,335,1,823,7,4499,117,70
823,335,1,824,6,4505,0,60
824,335,1,825,7,4512,0,70
825,335,1,826,3,4515,0,30
826,335,1,827,8,4523,0,80
827,335,1,828,6,4529,335,60
828,335,1,829,9,4538,0,90
829,335,1,830,6,4544,0,60
830,335,1,831,7,4551,0,70
831,335,1,832,9,4560,0,90
832,335,1,833,6,4566,0,60
833,335,1,834,8,4574,0,80
834,335,1,835,5,4579,0,50
835,335,1,836,8,4587,0,80
836,335,1,837,7,4594,0,70
837,335,1,838,5,4599,0,50
838,335,1,839,8,4607,0,80
839,335,1,840,3,4610,832,30
840,335,1,841,8,4618,0,80
841,335,1,842,6,4624,0,60
842,335,1,843,9,4633,0,90
843,335,1,844,5,4638,304,50
844,335,1,845,3,4641,0,30
845,335,1,846,2,4643,0,20
846,335,1,847,7,4650,0,70
847,335,1,848,6,4656,166,60
848,335,1,849,5,4661,0,50
849,335,1,850,3,4664,0,30
850,335,1,851,4,4668,0,40
851,335,1,852,3,4671,0,30
852,335,1,853,7,4678,0,70
853,335,1,854,6,4684,0,60
854,335,1,855,5,4689,0,50
855,335,1,856,3,4692,0,30
856,335,1,857,8,4700,0,80
857,335,1,858,7,4707,0,70
858,335,1,859,6,4713,0,60
859,335,1,860,8,4721,0,80
860,335,1,861,9,4730,0,90
861,335,1,862,3,4733,0,30
862,335,1,863,5,4738,0,50
863,335,1,864,9,4747,0,90
864,335,1,865,6,4753,0,60
865,335,1,866,2,4755,0,20
866,335,1,867,7,4762,0,70
867,335,1,868,4,4766,0,40
868,335,1,869,2,4768,0,20
869,335,1,870,4,4772,1200,40
870,335,1,871,2,4774,0,20
871,335,1,872,6,4780,0,60
872,335,1,873,7,4787,0,70
873,335,1,874,2,4789,0,20
874,335,1,875,9,4798,0,90
875,335,1,876,2,4800,0,20
876,335,1,877,7,4807,0,70
877,335,1,878,8,4815,0,80
878,335,1,879,9,4824,0,90
879,335,1,880,6,4830,585,60
880,335,1,881,5,4835,0,50
881,335,1,882,3,4838,0,30
882,335,1,883,2,4840,0,20
883,335,1,884,4,4844,0,40
884,335,1,885,7,4851,0,70
885,335,1,886,8,4859,0,80
886,335,1,887,3,4862,0,30
887,335,1,888,2,4864,0,20
888,335,1,889,6,4870,0,60
889,335,1,890,8,4878,502,80
890,335,1,891,2,4880,0,20
891,335,1,892,5,4885,0,50
892,335,1,893,9,4894,0,90
893,335,1,894,2,4896,0,20
894,335,1,895,5,4901,237,50
895,335,1,896,5,4906,0,50
896,335,1,897,5,4911,0,50
897,335,1,898,2,4913,0,20
898,335,1,899,9,4922,0,90
899,335,1,900,2,4924,0,20
900,335,1,901,5,4929,0,50
901,335,1,902,2,4931,0,20
902,335,1,903,3,4934,0,30
903,335,1,904,4,4938,0,40
904,335,1,905,6,4944,0,60
905,335,1,906,4,4948,0,40
906,335,1,907,4,4952,0,40
907,335,1,908,3,4955,0,30
908,335,1,909,7,4962,0,70
909,335,1,910,6,4968,0,60
910,335,1,911,9,4977,0,90
911,335,1,912,4,4981,773,40
912,335,1,913,8,4989,82,80
913,335,1,914,7,4996,0,70
914,335,2,1,2,2,0,20
915,335,2,2,7,9,93,70
916,335,2,3,3,12,0,30
917,335,2,4,7,19,0,70
918,335,2,5,9,28,0,90
919,335,2,6,5,33,0,50
920,335,2,7,3,36,0,30
921,335,2,8,5,41,0,50
922,335,2,9,8,49,0,80
923,335,2,10,3,52,0,30
924,335,2,11,6,58,0,60
925,335,2,12,4,62,0,40
926,335,2,13,7,69,0,70
927,335,2,14,6,75,0,60
928,335,2,15,7,82,0,70
929,335,2,16,5,87,737,50
930,335,2,17,2,89,0,20
931,335,2,18,9,98,0,90
932,335,2,19,3,101,0,30
933,335,2,20,2,103,0,20
934,335,2,21,4,107,0,40
935,335,2,22,6,113,0,60
936,335,2,23,2,115,0,20
937,335,2,24,6,121,329,60
938,335,2,25,2,123,0,20
939,335,2,26,8,131,0,80
940,335,2,27,2,133,0,20
941,335,2,28,8,141,0,80
942,335,2,29,4,145,0,40
943,335,2,30,7,152,0,70
944,335,2,31,2,154,0,20
945,335,2,32,6,160,0,60
946,335,2,33,2,162,0,20
947,335,2,34,6,168,0,60
948,335,2,35,6,174,0,60
949,335,2,36,8,182,0,80
950,335,2,37,7,189,663,70
951,335,2,38,3,192,0,30
952,335,2,39,9,201,0,90
953,335,2,40,3,204,142,30
954,335,2,41,2,206,0,20
955,335,2,42,3,209,0,30
956,335,2,43,4,213,0,40
957,335,2,44,3,216,0,30
958,335,2,45,9,225,0,90
959,335,2,46,5,230,0,50
960,335,2,47,5,235,0,50
961,335,2,48,3,238,0,30
962,335,2,49,4,242,0,40
963,335,2,50,9,251,0,90
964,335,2,51,8,259,0,80
965,335,2,52,7,266,591,70
966,335,2,53,8,274,0,80
967,335,2,54,9,283,178,90
968,335,2,55,9,292,0,90
969,335,2,56,8,300,0,80
970,335,2,57,4,304,0,40
971,335,2,58,2,306,0,20
972,335,2,59,5,311,0,50
973,335,2,60,6,317,0,60
974,335,2,61,3,320,0,30
975,335,2,62,8,328,0,80
976,335,2,63,4,332,0,40
977,335,2,64,7,339,0,70
978,335,2,65,2,341,540,20
979,335,2,66,5,346,0,50
980,335,2,67,2,348,0,20
981,335,2,68,8,356,0,80
982,335,2,69,3,359,206,30
983,335,2,70,9,368,0,90
984,335,2,71,4,372,0,40
985,335,2,72,4,376,0,40
986,335,2,73,7,383,0,70
987,335,2,74,8,391,349,80
988,335,2,75,4,395,0,40
989,335,2,76,6,401,89,60
990,335,2,77,5,406,0,50
991,335,2,78,6,412,0,60
992,335,2,79,8,420,0,80
993,335,2,80,4,424,0,40
994,335,2,81,3,427,0,30
995,335,2,82,2,429,0,20
996,335,2,83,7,436,0,70
997,335,2,84,4,440,0,40
998,335,2,85,6,446,0,60
999,335,2,86,6,452,0,60
1000,335,2,87,6,458,0,60
1001,335,2,88,3,461,0,30
1002,335,2,89,2,463,0,20
1003,335,2,90,6,469,0,60
1004,335,2,91,9,478,0,90
1005,335,2,92,9,487,0,90
1006,335,2,93,4,491,0,40
1007,335,2,94,8,499,0,80
1008,335,2,95,9,508,0,90
1009,335,2,96,3,511,0,30
1010,335,2,97,5,516,0,50
1011,335,2,98,3,519,0,30
1012,335,2,99,3,522,0,30
1013,335,2,100,8,530,0,80
1014,335,2,101,2,532,0,20
1015,335,2,102,7,539,0,70
1016,335,2,103,4,543,0,40
1017,335,2,104,4,547,0,40
1018,335,2,105,5,552,1532,50
1019,335,2,106,3,555,0,30
1020,335,2,107,6,561,0,60
1021,335,2,108,8,569,0,80
1022,335,2,109,9,578,0,90
1023,335,2,110,4,582,335,40
1024,335,2,111,2,584,0,20
1025,335,2,112,5,589,0,50
1026,335,2,113,9,598,0,90
1027,335,2,114,7,605,227,70
1028,335,2,115,7,612,69,70
1029,335,2,116,5,617,52,50
1030,335,2,117,3,620,0,30
1031,335,2,118,9,629,0,90
1032,335,2,119,5,634,0,50
1033,335,2,120,8,642,0,80
1034,335,2,121,9,651,0,90
1035,335,2,122,4,655,0,40
1036,335,2,123,9,664,0,90
1037,335,2,124,8,672,0,80
1038,335,2,125,4,676,574,40
1039,335,2,126,9,685,0,90
1040,335,2,127,7,692,0,70
1041,335,2,128,6,698,0,60
1042,335,2,129,6,704,0,60
1043,335,2,130,5,709,0,50
1044,335,2,131,3,712,0,30
1045,335,2,132,6,718,424,60
1046,335,2,133,9,727,0,90
1047,335,2,134,8,735,0,80
1048,335,2,135,2,737,177,20
1049,335,2,136,4,741,0,40
1050,335,2,137,6,747,0,60
1051,335,2,138,6,753,141,60
1052,335,2,139,4,757,0,40
1053,335,2,140,8,765,0,80
1054,335,2,141,7,772,0,70
1055,335,2,142,6,778,0,60
1056,335,2,143,6,784,0,60
1057,335,2,144,3,787,0,30
1058,335,2,145,3,790,0,30
1059,335,2,146,3,793,0,30
1060,335,2,147,7,800,0,70
1061,335,2,148,7,807,0,70
1062,335,2,149,5,812,0,50
1063,335,2,150,8,820,0,80
1064,335,2,151,3,823,0,30
1065,335,2,152,2,825,0,20
1066,335,2,153,2,827,0,20
1067,335,2,154,8,835,0,80
1068,335,2,155,5,840,0,50
1069,335,2,156,4,844,0,40
1070,335,2,157,8,852,0,80
1071,335,2,158,7,859,0,70
1072,335,2,159,5,864,0,50
1073,335,2,160,4,868,0,40
1074,335,2,161,7,875,0,70
1075,335,2,162,7,882,0,70
1076,335,2,163,6,888,0,60
1077,335,2,164,4,892,0,40
1078,335,2,165,2,894,0,20
1079,335,2,166,6,900,0,60
1080,335,2,167,8,908,0,80
1081,335,2,168,2,910,0,20
1082,335,2,169,3,913,0,30
1083,335,2,170,5,918,0,50
1084,335,2,171,5,923,0,50
1085,335,2,172,2,925,0,20
1086,335,2,173,3,928,1702,30
1087,335,2,174,9,937,0,90
1088,335,2,175,2,939,111,20
1089,335,2,176,3,942,0,30
1090,335,2,177,8,950,0,80
1091,335,2,178,7,957,0,70
1092,335,2,179,4,961,0,40
1093,335,2,180,4,965,0,40
1094,335,2,181,2,967,0,20
1095,335,2,182,4,971,0,40
1096,335,2,183,2,973,0,20
1097,335,2,184,3,976,0,30
1098,335,2,185,3,979,0,30
1099,335,2,186,6,985,0,60
1100,335,2,187,3,988,0,30
1101,335,2,188,6,994,0,60
1102,335,2,189,7,1001,597,70
1103,335,2,190,5,1006,49,50
1104,335,2,191,8,1014,0,80
1105,335,2,192,4,1018,0,40
1106,335,2,193,9,1027,0,90
1107,335,2,194,8,1035,0,80
1108,335,2,195,4,1039,0,40
1109,335,2,196,6,1045,0,60
1110,335,2,197,5,1050,0,50
1111,335,2,198,4,1054,0,40
1112,335,2,199,4,1058,0,40
1113,335,2,200,2,1060,0,20
1114,335,2,201,2,1062,0,20
1115,335,2,202,5,1067,599,50
1116,335,2,203,4,1071,0,40
1117,335,2,204,4,1075,71,40
1118,335,2,205,2,1077,0,20
1119,335,2,206,2,1079,0,20
1120,335,2,207,2,1081,0,20
1121,335,2,208,7,1088,0,70
1122,335,2,209,3,1091,0,30
1123,335,2,210,7,1098,0,70
1124,335,2,211,8,1106,0,80
1125,335,2,212,2,1108,0,20
1126,335,2,213,2,1110,0,20
1127,335,2,214,6,1116,0,60
1128,335,2,215,6,1122,461,60
1129,335,2,216,7,1129,0,70
1130,335,2,217,8,1137,0,80
1131,335,2,218,6,1143,0,60
1132,335,2,219,3,1146,0,30
1133,335,2,220,9,1155,0,90
1134,335,2,221,5,1160,0,50
1135,335,2,222,8,1168,0,80
1136,335,2,223,6,1174,0,60
1137,335,2,224,9,1183,0,90
1138,335,2,225,5,1188,0,50
1139,335,2,226,4,1192,0,40
1140,335,2,227,8,1200,0,80
1141,335,2,228,6,1206,0,60
1142,335,2,229,3,1209,0,30
1143,335,2,230,4,1213,0,40
1144,335,2,231,9,1222,0,90
1145,335,2,232,7,1229,0,70
1146,335,2,233,4,1233,1108,40
1147,335,2,234,4,1237,41,40
1148,335,2,235,9,1246,75,90
1149,335,2,236,4,1250,0,40
1150,335,2,237,9,1259,0,90
1151,335,2,238,3,1262,0,30
1152,335,2,239,2,1264,0,20
1153,335,2,240,6,1270,0,60
1154,335,2,241,4,1274,0,40
1155,335,2,242,2,1276,0,20
1156,335,2,243,7,1283,0,70
1157,335,2,244,8,1291,0,80
1158,335,2,245,8,1299,0,80
1159,335,2,246,7,1306,0,70
1160,335,2,247,2,1308,0,20
1161,335,2,248,3,1311,0,30
1162,335,2,249,6,1317,0,60
1163,335,2,250,9,1326,0,90
1164,335,2,251,4,1330,859,40
1165,335,2,252,8,1338,84,80
1166,335,2,253,7,1345,0,70
1167,335,2,254,9,1354,0,90
1168,335,2,255,2,1356,0,20
1169,335,2,256,4,1360,231,40
1170,335,2,257,9,1369,102,90
1171,335,2,258,5,1374,0,50
1172,335,2,259,3,1377,0,30
1173,335,2,260,9,1386,0,90
1174,335,2,261,9,1395,0,90
1175,335,2,262,6,1401,0,60
1176,335,2,263,4,1405,0,40
1177,335,2,264,5,1410,407,50
1178,335,2,265,2,1412,0,20
1179,335,2,266,4,1416,0,40
1180,335,2,267,9,1425,0,90
1181,335,2,268,2,1427,0,20
1182,335,2,269,3,1430,0,30
1183,335,2,270,7,1437,0,70
1184,335,2,271,2,1439,0,20
1185,335,2,272,4,1443,351,40
1186,335,2,273,7,1450,0,70
1187,335,2,274,4,1454,0,40
1188,335,2,275,5,1459,0,50
1189,335,2,276,9,1468,0,90
1190,335,2,277,2,1470,0,20
1191,335,2,278,3,1473,0,30
1192,335,2,279,7,1480,0,70
1193,335,2,280,9,1489,0,90
1194,335,2,281,3,1492,0,30
1195,335,2,282,8,1500,588,80
1196,335,2,283,3,1503,0,30
1197,335,2,284,8,1511,0,80
1198,335,2,285,6,1517,0,60
1199,335,2,286,8,1525,256,80
1200,335,2,287,5,1530,0,50
1201,335,2,288,7,1537,0,70
1202,335,2,289,5,1542,0,50
1203,335,2,290,3,1545,0,30
1204,335,2,291,3,1548,0,30
1205,335,2,292,2,1550,0,20
1206,335,2,293,4,1554,0,40
1207,335,2,294,2,1556,0,20
1208,335,2,295,7,1563,370,70
1209,335,2,296,8,1571,0,80
1210,335,2,297,3,1574,0,30
1211,335,2,298,5,1579,0,50
1212,335,2,299,3,1582,0,30
1213,335,2,300,7,1589,0,70
1214,335,2,301,6,1595,0,60
1215,335,2,302,4,1599,0,40
1216,335,2,303,6,1605,0,60
1217,335,2,304,7,1612,0,70
1218,335,2,305,5,1617,0,50
1219,335,2,306,5,1622,0,50
1220,335,2,307,7,1629,0,70
1221,335,2,308,7,1636,0,70
1222,335,2,309,4,1640,0,40
1223,335,2,310,9,1649,0,90
1224,335,2,311,2,1651,0,20
1225,335,2,312,6,1657,0,60
1226,335,2,313,7,1664,0,70
1227,335,2,314,3,1667,0,30
1228,335,2,315,6,1673,0,60
1229,335,2,316,8,1681,0,80
1230,335,2,317,2,1683,0,20
1231,335,2,318,9,1692,0,90
1232,335,2,319,8,1700,0,80
1233,335,2,320,8,1708,0,80
1234,335,2,321,9,1717,0,90
1235,335,2,322,5,1722,0,50
1236,335,2,323,7,1729,0,70
1237,335,2,324,9,1738,0,90
1238,335,2,325,3,1741,0,30
1239,335,2,326,7,1748,0,70
1240,335,2,327,3,1751,0,30
1241,335,2,328,2,1753,0,20
1242,335,2,329,2,1755,0,20
1243,335,2,330,6,1761,0,60
1244,335,2,331,6,1767,0,60
1245,335,2,332,6,1773,2065,60
1246,335,2,333,4,1777,0,40
1247,335,2,334,2,1779,0,20
1248,335,2,335,7,1786,0,70
1249,335,2,336,3,1789,0,30
1250,335,2,337,6,1795,0,60
1251,335,2,338,3,1798,0,30
1252,335,2,339,3,1801,0,30
1253,335,2,340,2,1803,0,20
1254,335,2,341,8,1811,0,80
1255,335,2,342,4,1815,0,40
1256,335,2,343,9,1824,510,90
1257,335,2,344,8,1832,0,80
1258,335,2,345,3,1835,0,30
1259,335,2,346,4,1839,0,40
1260,335,2,347,2,1841,0,20
1261,335,2,348,3,1844,0,30
1262,335,2,349,5,1849,0,50
1263,335,2,350,8,1857,321,80
1264,335,2,351,8,1865,0,80
1265,335,2,352,8,1873,0,80
1266,335,2,353,4,1877,0,40
1267,335,2,354,9,1886,0,90
1268,335,2,355,4,1890,0,40
1269,335,2,356,7,1897,0,70
1270,335,2,357,8,1905,0,80
1271,335,2,358,4,1909,0,40
1272,335,2,359,9,1918,0,90
1273,335,2,360,2,1920,0,20
1274,335,2,361,8,1928,721,80
1275,335,2,362,2,1930,0,20
1276,335,2,363,8,1938,0,80
1277,335,2,364,8,1946,0,80
1278,335,2,365,8,1954,0,80
1279,335,2,366,6,1960,0,60
1280,335,2,367,6,1966,0,60
1281,335,2,368,9,1975,0,90
1282,335,2,369,2,1977,0,20
1283,335,2,370,9,1986,0,90
1284,335,2,371,9,1995,0,90
1285,335,2,372,7,2002,0,70
1286,335,2,373,9,2011,0,90
1287,335,2,374,4,2015,0,40
1288,335,2,375,8,2023,0,80
1289,335,2,376,5,2028,0,50
1290,335,2,377,9,2037,0,90
1291,335,2,378,5,2042,0,50
1292,335,2,379,2,2044,0,20
1293,335,2,380,4,2048,1156,40
1294,335,2,381,5,2053,0,50
1295,335,2,382,3,2056,78,30
1296,335,2,383,6,2062,0,60
1297,335,2,384,9,2071,0,90
1298,335,2,385,8,2079,0,80
1299,335,2,386,8,2087,0,80
1300,335,2,387,4,2091,331,40
1301,335,2,388,5,2096,53,50
1302,335,2,389,7,2103,0,70
1303,335,2,390,3,2106,0,30
1304,335,2,391,4,2110,0,40
1305,335,2,392,8,2118,0,80
1306,335,2,393,2,2120,0,20
1307,335,2,394,6,2126,0,60
1308,335,2,395,5,2131,0,50
1309,335,2,396,6,2137,0,60
1310,335,2,397,3,2140,0,30
1311,335,2,398,2,2142,0,20
1312,335,2,399,6,2148,0,60
1313,335,2,400,9,2157,0,90
1314,335,2,401,7,2164,0,70
1315,335,2,402,7,2171,0,70
1316,335,2,403,4,2175,0,40
1317,335,2,404,9,2184,0,90
1318,335,2,405,8,2192,0,80
1319,335,2,406,7,2199,1041,70
1320,335,2,407,5,2204,0,50
1321,335,2,408,5,2209,107,50
1322,335,2,409,3,2212,0,30
1323,335,2,410,5,2217,0,50
1324,335,2,411,3,2220,0,30
1325,335,2,412,3,2223,0,30
1326,335,2,413,6,2229,0,60
1327,335,2,414,3,2232,0,30
1328,335,2,415,7,2239,0,70
1329,335,2,416,8,2247,0,80
1330,335,2,417,5,2252,0,50
1331,335,2,418,6,2258,0,60
1332,335,2,419,2,2260,0,20
1333,335,2,420,8,2268,0,80
1334,335,2,421,5,2273,0,50
1335,335,2,422,6,2279,0,60
1336,335,2,423,9,2288,0,90
1337,335,2,424,2,2290,0,20
1338,335,2,425,7,2297,0,70
1339,335,2,426,2,2299,0,20
1340,335,2,427,4,2303,959,40
1341,335,2,428,3,2306,0,30
1342,335,2,429,6,2312,0,60
1343,335,2,430,2,2314,0,20
1344,335,2,431,2,2316,0,20
1345,335,2,432,4,2320,0,40
1346,335,2,433,3,2323,0,30
1347,335,2,434,6,2329,0,60
1348,335,2,435,5,2334,0,50
1349,335,2,436,4,2338,356,40
1350,335,2,437,6,2344,0,60
1351,335,2,438,5,2349,0,50
1352,335,2,439,5,2354,0,50
1353,335,2,440,9,2363,0,90
1354,335,2,441,9,2372,0,90
1355,335,2,442,6,2378,0,60
1356,335,2,443,8,2386,0,80
1357,335,2,444,2,2388,0,20
1358,335,2,445,6,2394,0,60
1359,335,2,446,7,2401,0,70
1360,335,2,447,9,2410,0,90
1361,335,2,448,2,2412,0,20
1362,335,2,449,6,2418,0,60
1363,335,2,450,5,2423,0,50
1364,335,2,451,5,2428,0,50
1365,335,2,452,6,2434,0,60
1366,335,2,453,2,2436,0,20
1367,335,2,454,8,2444,0,80
1368,335,2,455,2,2446,0,20
1369,335,2,456,7,2453,0,70
1370,335,2,457,6,2459,0,60
1371,335,2,458,8,2467,0,80
1372,335,2,459,3,2470,0,30
1373,335,2,460,8,2478,0,80
1374,335,2,461,4,2482,0,40
1375,335,2,462,2,2484,0,20
1376,335,2,463,3,2487,0,30
1377,335,2,464,2,2489,0,20
1378,335,2,465,9,2498,1647,90
1379,335,2,466,2,2500,0,20
1380,335,2,467,3,2503,0,30
1381,335,2,468,2,2505,0,20
1382,335,2,469,3,2508,0,30
1383,335,2,470,6,2514,0,60
1384,335,2,471,3,2517,0,30
1385,335,2,472,2,2519,0,20
1386,335,2,473,9,2528,0,90
1387,335,2,474,2,2530,0,20
1388,335,2,475,5,2535,0,50
1389,335,2,476,8,2543,0,80
1390,335,2,477,2,2545,0,20
1391,335,2,478,6,2551,0,60
1392,335,2,479,7,2558,0,70
1393,335,2,480,3,2561,0,30
1394,335,2,481,2,2563,0,20
1395,335,2,482,6,2569,0,60
1396,335,2,483,8,2577,0,80
1397,335,2,484,8,2585,0,80
1398,335,2,485,8,2593,0,80
1399,335,2,486,2,2595,0,20
1400,335,2,487,5,2600,0,50
1401,335,2,488,7,2607,1109,70
1402,335,2,489,4,2611,0,40
1403,335,2,490,5,2616,0,50
1404,335,2,491,5,2621,0,50
1405,335,2,492,6,2627,0,60
1406,335,2,493,2,2629,0,20
1407,335,2,494,4,2633,0,40
1408,335,2,495,5,2638,0,50
1409,335,2,496,3,2641,0,30
1410,335,2,497,7,2648,0,70
1411,335,2,498,5,2653,0,50
1412,335,2,499,6,2659,0,60
1413,335,2,500,8,2667,0,80
1414,335,2,501,7,2674,0,70
1415,335,2,502,9,2683,0,90
1416,335,2,503,6,2689,0,60
1417,335,2,504,6,2695,0,60
1418,335,2,505,4,2699,0,40
1419,335,2,506,7,2706,986,70
1420,335,2,507,4,2710,0,40
1421,335,2,508,9,2719,0,90
1422,335,2,509,4,2723,0,40
1423,335,2,510,6,2729,0,60
1424,335,2,511,6,2735,301,60
1425,335,2,512,2,2737,0,20
1426,335,2,513,5,2742,0,50
1427,335,2,514,3,2745,0,30
1428,335,2,515,3,2748,0,30
1429,335,2,516,3,2751,0,30
1430,335,2,517,9,2760,233,90
1431,335,2,518,6,2766,0,60
1432,335,2,519,9,2775,0,90
1433,335,2,520,6,2781,0,60
1434,335,2,521,6,2787,0,60
1435,335,2,522,9,2796,0,90
1436,335,2,523,5,2801,0,50
1437,335,2,524,8,2809,0,80
1438,335,2,525,3,2812,0,30
1439,335,2,526,5,2817,596,50
1440,335,2,527,7,2824,0,70
1441,335,2,528,8,2832,0,80
1442,335,2,529,9,2841,0,90
1443,335,2,530,5,2846,0,50
1444,335,2,531,6,2852,0,60
1445,335,2,532,9,2861,0,90
1446,335,2,533,7,2868,0,70
1447,335,2,534,8,2876,0,80
1448,335,2,535,4,2880,658,40
1449,335,2,536,9,2889,84,90
1450,335,2,537,5,2894,0,50
1451,335,2,538,9,2903,0,90
1452,335,2,539,7,2910,210,70
1453,335,2,540,9,2919,0,90
1454,335,2,541,6,2925,0,60
1455,335,2,542,6,2931,0,60
1456,335,2,543,3,2934,0,30
1457,335,2,544,5,2939,0,50
1458,335,2,545,6,2945,0,60
1459,335,2,546,2,2947,0,20
1460,335,2,547,8,2955,0,80
1461,335,2,548,5,2960,0,50
1462,335,2,549,3,2963,0,30
1463,335,2,550,2,2965,0,20
1464,335,2,551,8,2973,0,80
1465,335,2,552,5,2978,0,50
1466,335,2,553,6,2984,0,60
1467,335,2,554,6,2990,0,60
1468,335,2,555,5,2995,0,50
1469,335,2,556,2,2997,0,20
1470,335,2,557,8,3005,0,80
1471,335,2,558,5,3010,0,50
1472,335,2,559,7,3017,0,70
1473,335,2,560,8,3025,1151,80
1474,335,2,561,7,3032,0,70
1475,335,2,562,4,3036,144,40
1476,335,2,563,6,3042,0,60
1477,335,2,564,8,3050,0,80
1478,335,2,565,2,3052,0,20
1479,335,2,566,8,3060,0,80
1480,335,2,567,8,3068,0,80
1481,335,2,568,8,3076,364,80
1482,335,2,569,5,3081,0,50
1483,335,2,570,8,3089,0,80
1484,335,2,571,6,3095,0,60
1485,335,2,572,2,3097,0,20
1486,335,2,573,9,3106,0,90
1487,335,2,574,5,3111,0,50
1488,335,2,575,2,3113,0,20
1489,335,2,576,8,3121,0,80
1490,335,2,577,5,3126,0,50
1491,335,2,578,8,3134,0,80
1492,335,2,579,9,3143,0,90
1493,335,2,580,6,3149,0,60
1494,335,2,581,8,3157,0,80
1495,335,2,582,2,3159,854,20
1496,335,2,583,3,3162,0,30
1497,335,2,584,4,3166,0,40
1498,335,2,585,5,3171,0,50
1499,335,2,586,4,3175,0,40
1500,335,2,587,4,3179,0,40
1501,335,2,588,8,3187,0,80
1502,335,2,589,5,3192,0,50
1503,335,2,590,7,3199,0,70
1504,335,2,591,4,3203,0,40
1505,335,2,592,3,3206,0,30
1506,335,2,593,5,3211,0,50
1507,335,2,594,5,3216,0,50
1508,335,2,595,8,3224,0,80
1509,335,2,596,8,3232,0,80
1510,335,2,597,9,3241,0,90
1511,335,2,598,2,3243,0,20
1512,335,2,599,6,3249,0,60
1513,335,2,600,4,3253,0,40
1514,335,2,601,2,3255,0,20
1515,335,2,602,6,3261,1014,60
1516,335,2,603,4,3265,0,40
1517,335,2,604,6,3271,0,60
1518,335,2,605,6,3277,0,60
1519,335,2,606,4,3281,0,40
1520,335,2,607,7,3288,0,70
1521,335,2,608,3,3291,0,30
1522,335,2,609,7,3298,0,70
1523,335,2,610,9,3307,0,90
1524,335,2,611,4,3311,0,40
1525,335,2,612,8,3319,0,80
1526,335,2,613,7,3326,0,70
1527,335,2,614,6,3332,0,60
1528,335,2,615,5,3337,0,50
1529,335,2,616,5,3342,0,50
1530,335,2,617,3,3345,0,30
1531,335,2,618,9,3354,0,90
1532,335,2,619,3,3357,0,30
1533,335,2,620,5,3362,0,50
1534,335,2,621,9,3371,0,90
1535,335,2,622,7,3378,0,70
1536,335,2,623,4,3382,0,40
1537,335,2,624,6,3388,0,60
1538,335,2,625,7,3395,0,70
1539,335,2,626,5,3400,0,50
1540,335,2,627,5,3405,1406,50
1541,335,2,628,8,3413,0,80
1542,335,2,629,7,3420,0,70
1543,335,2,630,2,3422,0,20
1544,335,2,631,5,3427,0,50
1545,335,2,632,2,3429,0,20
1546,335,2,633,9,3438,0,90
1547,335,2,634,6,3444,0,60
1548,335,2,635,3,3447,0,30
1549,335,2,636,5,3452,0,50
1550,335,2,637,8,3460,0,80
1551,335,2,638,8,3468,0,80
1552,335,2,639,8,3476,0,80
1553,335,2,640,9,3485,0,90
1554,335,2,641,9,3494,0,90
1555,335,2,642,3,3497,0,30
1556,335,2,643,9,3506,1032,90
1557,335,2,644,7,3513,0,70
1558,335,2,645,2,3515,0,20
1559,335,2,646,5,3520,0,50
1560,335,2,647,6,3526,0,60
1561,335,2,648,7,3533,0,70
1562,335,2,649,6,3539,315,60
1563,335,2,650,5,3544,42,50
1564,335,2,651,6,3550,0,60
1565,335,2,652,3,3553,0,30
1566,335,2,653,8,3561,0,80
1567,335,2,654,8,3569,277,80
1568,335,2,655,2,3571,0,20
1569,335,2,656,3,3574,0,30
1570,335,2,657,3,3577,88,30
1571,335,2,658,2,3579,0,20
1572,335,2,659,5,3584,0,50
1573,335,2,660,4,3588,0,40
1574,335,2,661,5,3593,0,50
1575,335,2,662,9,3602,293,90
1576,335,2,663,2,3604,0,20
1577,335,2,664,5,3609,87,50
1578,335,2,665,5,3614,0,50
1579,335,2,666,9,3623,0,90
1580,335,2,667,8,3631,0,80
1581,335,2,668,7,3638,0,70
1582,335,2,669,2,3640,308,20
1583,335,2,670,4,3644,0,40
1584,335,2,671,4,3648,0,40
1585,335,2,672,9,3657,0,90
1586,335,2,673,7,3664,0,70
1587,335,2,674,4,3668,0,40
1588,335,2,675,3,3671,0,30
1589,335,2,676,6,3677,0,60
1590,335,2,677,9,3686,0,90
1591,335,2,678,4,3690,515,40
1592,335,2,679,8,3698,0,80
1593,335,2,680,8,3706,0,80
1594,335,2,681,9,3715,0,90
1595,335,2,682,2,3717,0,20
1596,335,2,683,6,3723,343,60
1597,335,2,684,7,3730,0,70
1598,335,2,685,3,3733,0,30
1599,335,2,686,9,3742,0,90
1600,335,2,687,8,3750,0,80
1601,335,2,688,3,3753,0,30
1602,335,2,689,4,3757,0,40
1603,335,2,690,5,3762,0,50
1604,335,2,691,7,3769,0,70
1605,335,2,692,9,3778,0,90
1606,335,2,693,9,3787,660,90
1607,335,2,694,7,3794,0,70
1608,335,2,695,8,3802,0,80
1609,335,2,696,4,3806,0,40
1610,335,2,697,5,3811,0,50
1611,335,2,698,9,3820,320,90
1612,335,2,699,4,3824,0,40
1613,335,2,700,7,3831,0,70
1614,335,2,701,8,3839,0,80
1615,335,2,702,4,3843,236,40
1616,335,2,703,6,3849,0,60
1617,335,2,704,9,3858,0,90
1618,335,2,705,4,3862,0,40
1619,335,2,706,2,3864,0,20
1620,335,2,707,9,3873,281,90
1621,335,2,708,3,3876,0,30
1622,335,2,709,2,3878,58,20
1623,335,2,710,2,3880,0,20
1624,335,2,711,7,3887,0,70
1625,335,2,712,5,3892,0,50
1626,335,2,713,8,3900,0,80
1627,335,2,714,6,3906,0,60
1628,335,2,715,4,3910,0,40
1629,335,2,716,8,3918,0,80
1630,335,2,717,7,3925,0,70
1631,335,2,718,6,3931,0,60
1632,335,2,719,5,3936,0,50
1633,335,2,720,5,3941,0,50
1634,335,2,721,3,3944,0,30
1635,335,2,722,7,3951,0,70
1636,335,2,723,9,3960,0,90
1637,335,2,724,2,3962,0,20
1638,335,2,725,9,3971,0,90
1639,335,2,726,7,3978,0,70
1640,335,2,727,2,3980,0,20
1641,335,2,728,9,3989,0,90
1642,335,2,729,3,3992,0,30
1643,335,2,730,2,3994,0,20
1644,335,2,731,8,4002,1265,80
1645,335,2,732,4,4006,0,40
1646,335,2,733,5,4011,78,50
1647,335,2,734,3,4014,0,30
1648,335,2,735,9,4023,98,90
1649,335,2,736,3,4026,0,30
1650,335,2,737,6,4032,100,60
1651,335,2,738,7,4039,78,70
1652,335,2,739,5,4044,53,50
1653,335,2,740,7,4051,0,70
1654,335,2,741,6,4057,0,60
1655,335,2,742,4,4061,0,40
1656,335,2,743,2,4063,0,20
1657,335,2,744,7,4070,0,70
1658,335,2,745,3,4073,0,30
1659,335,2,746,7,4080,0,70
1660,335,2,747,5,4085,0,50
1661,335,2,748,4,4089,0,40
1662,335,2,749,3,4092,0,30
1663,335,2,750,9,4101,0,90
1664,335,2,751,2,4103,0,20
1665,335,2,752,9,4112,0,90
1666,335,2,753,2,4114,0,20
1667,335,2,754,4,4118,0,40
1668,335,2,755,5,4123,0,50
1669,335,2,756,6,4129,0,60
1670,335,2,757,5,4134,0,50
1671,335,2,758,7,4141,0,70
1672,335,2,759,3,4144,0,30
1673,335,2,760,6,4150,0,60
1674,335,2,761,4,4154,0,40
1675,335,2,762,9,4163,0,90
1676,335,2,763,4,4167,0,40
1677,335,2,764,5,4172,0,50
1678,335,2,765,7,4179,0,70
1679,335,2,766,8,4187,0,80
1680,335,2,767,9,4196,0,90
1681,335,2,768,6,4202,0,60
1682,335,2,769,2,4204,0,20
1683,335,2,770,8,4212,0,80
1684,335,2,771,2,4214,0,20
1685,335,2,772,2,4216,0,20
1686,335,2,773,2,4218,0,20
1687,335,2,774,6,4224,1822,60
1688,335,2,775,5,4229,0,50
1689,335,2,776,5,4234,0,50
1690,335,2,777,3,4237,0,30
1691,335,2,778,9,4246,0,90
1692,335,2,779,9,4255,0,90
1693,335,2,780,5,4260,0,50
1694,335,2,781,6,4266,0,60
1695,335,2,782,6,4272,0,60
1696,335,2,783,8,4280,0,80
1697,335,2,784,8,4288,0,80
1698,335,2,785,8,4296,0,80
1699,335,2,786,2,4298,0,20
1700,335,2,787,8,4306,0,80
1701,335,2,788,4,4310,0,40
1702,335,2,789,9,4319,0,90
1703,335,2,790,6,4325,0,60
1704,335,2,791,2,4327,0,20
1705,335,2,792,8,4335,0,80
1706,335,2,793,5,4340,0,50
1707,335,2,794,8,4348,0,80
1708,335,2,795,3,4351,0,30
1709,335,2,796,3,4354,0,30
1710,335,2,797,2,4356,1315,20
1711,335,2,798,5,4361,0,50
1712,335,2,799,2,4363,58,20
1713,335,2,800,7,4370,0,70
1714,335,2,801,2,4372,0,20
1715,335,2,802,5,4377,0,50
1716,335,2,803,9,4386,0,90
1717,335,2,804,2,4388,220,20
1718,335,2,805,3,4391,0,30
1719,335,2,806,2,4393,0,20
1720,335,2,807,4,4397,0,40
1721,335,2,808,6,4403,0,60
1722,335,2,809,9,4412,0,90
1723,335,2,810,2,4414,0,20
1724,335,2,811,2,4416,284,20
1725,335,2,812,8,4424,0,80
1726,335,2,813,8,4432,0,80
1727,335,2,814,5,4437,0,50
1728,335,2,815,2,4439,0,20
1729,335,2,816,3,4442,0,30
1730,335,2,817,6,4448,0,60
1731,335,2,818,5,4453,386,50
1732,335,2,819,2,4455,0,20
1733,335,2,820,3,4458,0,30
1734,335,2,821,3,4461,0,30
1735,335,2,822,5,4466,0,50
1736,335,2,823,2,4468,0,20
1737,335,2,824,6,4474,0,60
1738,335,2,825,6,4480,0,60
1739,335,2,826,7,4487,0,70
1740,335,2,827,3,4490,0,30
1741,335,2,828,5,4495,0,50
1742,335,2,829,6,4501,0,60
1743,335,2,830,6,4507,0,60
1744,335,2,831,6,4513,624,60
1745,335,2,832,2,4515,0,20
1746,335,2,833,6,4521,0,60
1747,335,2,834,9,4530,0,90
1748,335,2,835,8,4538,0,80
1749,335,2,836,7,4545,330,70
1750,335,2,837,8,4553,79,80
1751,335,2,838,6,4559,0,60
1752,335,2,839,5,4564,111,50
1753,335,2,840,3,4567,0,30
1754,335,2,841,8,4575,0,80
1755,335,2,842,7,4582,0,70
1756,335,2,843,4,4586,0,40
1757,335,2,844,6,4592,0,60
1758,335,2,845,4,4596,0,40
1759,335,2,846,3,4599,0,30
1760,335,2,847,3,4602,0,30
1761,335,2,848,3,4605,0,30
1762,335,2,849,2,4607,0,20
1763,335,2,850,4,4611,0,40
1764,335,2,851,6,4617,0,60
1765,335,2,852,5,4622,0,50
1766,335,2,853,9,4631,695,90
1767,335,2,854,3,4634,0,30
1768,335,2,855,3,4637,0,30
1769,335,2,856,9,4646,0,90
1770,335,2,857,4,4650,0,40
1771,335,2,858,8,4658,0,80
1772,335,2,859,3,4661,0,30
1773,335,2,860,8,4669,0,80
1774,335,2,861,7,4676,0,70
1775,335,2,862,8,4684,0,80
1776,335,2,863,2,4686,0,20
1777,335,2,864,6,4692,0,60
1778,335,2,865,4,4696,0,40
1779,335,2,866,9,4705,0,90
1780,335,2,867,7,4712,0,70
1781,335,2,868,4,4716,0,40
1782,335,2,869,2,4718,0,20
1783,335,2,870,2,4720,0,20
1784,335,2,871,8,4728,0,80
1785,335,2,872,8,4736,0,80
1786,335,2,873,6,4742,0,60
1787,335,2,874,5,4747,1143,50
1788,335,2,875,5,4752,0,50
1789,335,2,876,9,4761,123,90
1790,335,2,877,3,4764,0,30
1791,335,2,878,7,4771,0,70
1792,335,2,879,3,4774,0,30
1793,335,2,880,4,4778,0,40
1794,335,2,881,9,4787,0,90
1795,335,2,882,7,4794,0,70
1796,335,2,883,5,4799,0,50
1797,335,2,884,3,4802,0,30
1798,335,2,885,4,4806,0,40
1799,335,2,886,8,4814,0,80
1800,335,2,887,3,4817,0,30
1801,335,2,888,3,4820,0,30
1802,335,2,889,3,4823,0,30
1803,335,2,890,9,4832,0,90
1804,335,2,891,2,4834,0,20
1805,335,2,892,2,4836,0,20
1806,335,2,893,4,4840,0,40
1807,335,2,894,2,4842,0,20
1808,335,2,895,2,4844,0,20
1809,335,2,896,4,4848,867,40
1810,335,2,897,2,4850,0,20
1811,335,2,898,5,4855,56,50
1812,335,2,899,5,4860,46,50
1813,335,2,900,6,4866,0,60
1814,335,2,901,3,4869,0,30
1815,335,2,902,6,4875,0,60
1816,335,2,903,6,4881,0,60
1817,335,2,904,8,4889,0,80
1818,335,2,905,2,4891,300,20
1819,335,2,906,5,4896,0,50
1820,335,2,907,4,4900,0,40
1821,335,2,908,4,4904,139,40
1822,335,2,909,7,4911,0,70
1823,335,2,910,4,4915,0,40
1824,335,2,911,9,4924,0,90
1825,335,2,912,6,4930,0,60
1826,335,2,913,2,4932,0,20
1827,335,2,914,5,4937,0,50
1828,335,2,915,2,4939,0,20
1829,335,2,916,8,4947,0,80
1830,335,2,917,5,4952,461,50
1831,335,2,918,6,4958,72,60
1832,335,2,919,7,4965,0,70
1833,335,2,920,4,4969,94,40
1834,335,2,921,4,4973,0,40
1835,335,2,922,9,4982,0,90
1836,335,2,923,4,4986,0,40
1837,335,2,924,3,4989,0,30
1838,335,2,925,6,4995,0,60
1839,335,3,1,9,9,0,90
1840,335,3,2,6,15,0,60
1841,335,3,3,6,21,0,60
1842,335,3,4,6,27,0,60
1843,335,3,5,8,35,0,80
1844,335,3,6,7,42,0,70
1845,335,3,7,7,49,495,70
1846,335,3,8,3,52,0,30
1847,335,3,9,4,56,0,40
1848,335,3,10,3,59,0,30
1849,335,3,11,4,63,0,40
1850,335,3,12,7,70,0,70
1851,335,3,13,8,78,0,80
1852,335,3,14,5,83,0,50
1853,335,3,15,7,90,0,70
1854,335,3,16,9,99,0,90
1855,335,3,17,7,106,0,70
1856,335,3,18,7,113,598,70
1857,335,3,19,8,121,0,80
1858,335,3,20,3,124,0,30
1859,335,3,21,9,133,0,90
1860,335,3,22,7,140,0,70
1861,335,3,23,7,147,0,70
1862,335,3,24,2,149,0,20
1863,335,3,25,7,156,0,70
1864,335,3,26,4,160,0,40
1865,335,3,27,3,163,0,30
1866,335,3,28,9,172,0,90
1867,335,3,29,5,177,0,50
1868,335,3,30,6,183,0,60
1869,335,3,31,5,188,0,50
1870,335,3,32,2,190,0,20
1871,335,3,33,7,197,0,70
1872,335,3,34,8,205,0,80
1873,335,3,35,4,209,954,40
1874,335,3,36,8,217,0,80
1875,335,3,37,4,221,0,40
1876,335,3,38,2,223,125,20
1877,335,3,39,6,229,0,60
1878,335,3,40,7,236,0,70
1879,335,3,41,5,241,0,50
1880,335,3,42,9,250,0,90
1881,335,3,43,9,259,0,90
1882,335,3,44,9,268,420,90
1883,335,3,45,3,271,0,30
1884,335,3,46,3,274,0,30
1885,335,3,47,3,277,0,30
1886,335,3,48,6,283,0,60
1887,335,3,49,4,287,0,40
1888,335,3,50,9,296,0,90
1889,335,3,51,4,300,0,40
1890,335,3,52,7,307,0,70
1891,335,3,53,4,311,0,40
1892,335,3,54,4,315,0,40
1893,335,3,55,9,324,0,90
1894,335,3,56,2,326,0,20
1895,335,3,57,4,330,0,40
1896,335,3,58,2,332,0,20
1897,335,3,59,5,337,0,50
1898,335,3,60,6,343,0,60
1899,335,3,61,3,346,0,30
1900,335,3,62,2,348,0,20
1901,335,3,63,4,352,0,40
1902,335,3,64,4,356,0,40
1903,335,3,65,4,360,0,40
1904,335,3,66,3,363,0,30
1905,335,3,67,3,366,930,30
1906,335,3,68,2,368,0,20
1907,335,3,69,6,374,0,60
1908,335,3,70,4,378,0,40
1909,335,3,71,9,387,0,90
1910,335,3,72,4,391,0,40
1911,335,3,73,8,399,0,80
1912,335,3,74,5,404,337,50
1913,335,3,75,9,413,0,90
1914,335,3,76,9,422,155,90
1915,335,3,77,9,431,0,90
1916,335,3,78,5,436,0,50
1917,335,3,79,3,439,0,30
1918,335,3,80,7,446,0,70
1919,335,3,81,3,449,0,30
1920,335,3,82,2,451,0,20
1921,335,3,83,8,459,0,80
1922,335,3,84,3,462,0,30
1923,335,3,85,7,469,0,70
1924,335,3,86,6,475,0,60
1925,335,3,87,9,484,0,90
1926,335,3,88,8,492,0,80
1927,335,3,89,6,498,0,60
1928,335,3,90,3,501,0,30
1929,335,3,91,5,506,0,50
1930,335,3,92,7,513,0,70
1931,335,3,93,6,519,0,60
1932,335,3,94,6,525,0,60
1933,335,3,95,4,529,1069,40
1934,335,3,96,6,535,0,60
1935,335,3,97,8,543,0,80
1936,335,3,98,4,547,194,40
1937,335,3,99,4,551,0,40
1938,335,3,100,3,554,0,30
1939,335,3,101,6,560,0,60
1940,335,3,102,9,569,0,90
1941,335,3,103,8,577,333,80
1942,335,3,104,9,586,0,90
1943,335,3,105,4,590,0,40
1944,335,3,106,2,592,0,20
1945,335,3,107,5,597,0,50
1946,335,3,108,5,602,0,50
1947,335,3,109,3,605,0,30
1948,335,3,110,8,613,0,80
1949,335,3,111,9,622,0,90
1950,335,3,112,8,630,0,80
1951,335,3,113,2,632,530,20
1952,335,3,114,3,635,0,30
1953,335,3,115,7,642,102,70
1954,335,3,116,9,651,0,90
1955,335,3,117,4,655,0,40
1956,335,3,118,3,658,0,30
1957,335,3,119,5,663,0,50
1958,335,3,120,4,667,0,40
1959,335,3,121,9,676,0,90
1960,335,3,122,7,683,0,70
1961,335,3,123,2,685,0,20
1962,335,3,124,9,694,0,90
1963,335,3,125,7,701,0,70
1964,335,3,126,8,709,0,80
1965,335,3,127,9,718,746,90
1966,335,3,128,3,721,0,30
1967,335,3,129,9,730,0,90
1968,335,3,130,5,735,167,50
1969,335,3,131,9,744,0,90
1970,335,3,132,4,748,0,40
1971,335,3,133,9,757,0,90
1972,335,3,134,8,765,0,80
1973,335,3,135,9,774,0,90
1974,335,3,136,9,783,0,90
1975,335,3,137,4,787,0,40
1976,335,3,138,2,789,0,20
1977,335,3,139,4,793,0,40
1978,335,3,140,2,795,0,20
1979,335,3,141,7,802,0,70
1980,335,3,142,7,809,0,70
1981,335,3,143,4,813,0,40
1982,335,3,144,5,818,0,50
1983,335,3,145,9,827,0,90
1984,335,3,146,7,834,0,70
1985,335,3,147,9,843,0,90
1986,335,3,148,3,846,0,30
1987,335,3,149,4,850,0,40
1988,335,3,150,6,856,0,60
1989,335,3,151,5,861,0,50
1990,335,3,152,6,867,0,60
1991,335,3,153,6,873,0,60
1992,335,3,154,7,880,0,70
1993,335,3,155,4,884,0,40
1994,335,3,156,9,893,0,90
1995,335,3,157,9,902,0,90
1996,335,3,158,5,907,0,50
1997,335,3,159,8,915,0,80
1998,335,3,160,6,921,0,60
1999,335,3,161,3,924,1903,30
2000,335,3,162,4,928,0,40
2001,335,3,163,2,930,0,20
2002,335,3,164,7,937,0,70
2003,335,3,165,2,939,160,20
2004,335,3,166,3,942,0,30
2005,335,3,167,8,950,0,80
2006,335,3,168,9,959,0,90
2007,335,3,169,3,962,0,30
2008,335,3,170,4,966,0,40
2009,335,3,171,3,969,0,30
2010,335,3,172,6,975,0,60
2011,335,3,173,2,977,0,20
2012,335,3,174,8,985,0,80
2013,335,3,175,8,993,0,80
2014,335,3,176,7,1000,0,70
2015,335,3,177,8,1008,0,80
2016,335,3,178,9,1017,0,90
2017,335,3,179,9,1026,0,90
2018,335,3,180,2,1028,0,20
2019,335,3,181,4,1032,0,40
2020,335,3,182,6,1038,0,60
2021,335,3,183,6,1044,0,60
2022,335,3,184,9,1053,0,90
2023,335,3,185,3,1056,0,30
2024,335,3,186,7,1063,0,70
2025,335,3,187,3,1066,0,30
2026,335,3,188,5,1071,0,50
2027,335,3,189,6,1077,0,60
2028,335,3,190,3,1080,0,30
2029,335,3,191,9,1089,0,90
2030,335,3,192,8,1097,0,80
2031,335,3,193,6,1103,0,60
2032,335,3,194,9,1112,0,90
2033,335,3,195,7,1119,0,70
2034,335,3,196,2,1121,0,20
2035,335,3,197,2,1123,0,20
2036,335,3,198,8,1131,0,80
2037,335,3,199,6,1137,0,60
2038,335,3,200,7,1144,0,70
2039,335,3,201,7,1151,0,70
2040,335,3,202,7,1158,0,70
2041,335,3,203,7,1165,0,70
2042,335,3,204,7,1172,0,70
2043,335,3,205,6,1178,0,60
2044,335,3,206,9,1187,0,90
2045,335,3,207,4,1191,0,40
2046,335,3,208,5,1196,0,50
2047,335,3,209,3,1199,0,30
2048,335,3,210,3,1202,2604,30
2049,335,3,211,5,1207,0,50
2050,335,3,212,9,1216,0,90
2051,335,3,213,6,1222,0,60
2052,335,3,214,8,1230,271,80
2053,335,3,215,3,1233,34,30
2054,335,3,216,3,1236,0,30
2055,335,3,217,2,1238,0,20
2056,335,3,218,4,1242,0,40
2057,335,3,219,6,1248,0,60
2058,335,3,220,7,1255,0,70
2059,335,3,221,2,1257,0,20
2060,335,3,222,6,1263,0,60
2061,335,3,223,5,1268,0,50
2062,335,3,224,7,1275,0,70
2063,335,3,225,2,1277,0,20
2064,335,3,226,4,1281,0,40
2065,335,3,227,4,1285,0,40
2066,335,3,228,9,1294,0,90
2067,335,3,229,6,1300,0,60
2068,335,3,230,3,1303,0,30
2069,335,3,231,6,1309,0,60
2070,335,3,232,3,1312,0,30
2071,335,3,233,7,1319,0,70
2072,335,3,234,2,1321,0,20
2073,335,3,235,8,1329,0,80
2074,335,3,236,7,1336,0,70
2075,335,3,237,8,1344,0,80
2076,335,3,238,2,1346,0,20
2077,335,3,239,7,1353,0,70
2078,335,3,240,3,1356,0,30
2079,335,3,241,9,1365,0,90
2080,335,3,242,4,1369,0,40
2081,335,3,243,6,1375,0,60
2082,335,3,244,7,1382,0,70
2083,335,3,245,2,1384,0,20
2084,335,3,246,6,1390,0,60
2085,335,3,247,2,1392,0,20
2086,335,3,248,7,1399,0,70
2087,335,3,249,4,1403,0,40
2088,335,3,250,4,1407,0,40
2089,335,3,251,8,1415,0,80
2090,335,3,252,2,1417,0,20
2091,335,3,253,6,1423,0,60
2092,335,3,254,7,1430,0,70
2093,335,3,255,5,1435,1969,50
2094,335,3,256,7,1442,0,70
2095,335,3,257,5,1447,0,50
2096,335,3,258,5,1452,0,50
2097,335,3,259,5,1457,0,50
2098,335,3,260,7,1464,0,70
2099,335,3,261,2,1466,0,20
2100,335,3,262,5,1471,0,50
2101,335,3,263,8,1479,0,80
2102,335,3,264,5,1484,0,50
2103,335,3,265,8,1492,0,80
2104,335,3,266,2,1494,0,20
2105,335,3,267,8,1502,0,80
2106,335,3,268,6,1508,679,60
2107,335,3,269,5,1513,49,50
2108,335,3,270,9,1522,0,90
2109,335,3,271,9,1531,0,90
2110,335,3,272,2,1533,0,20
2111,335,3,273,6,1539,0,60
2112,335,3,274,8,1547,0,80
2113,335,3,275,4,1551,0,40
2114,335,3,276,8,1559,0,80
2115,335,3,277,7,1566,0,70
2116,335,3,278,8,1574,0,80
2117,335,3,279,2,1576,636,20
2118,335,3,280,5,1581,0,50
2119,335,3,281,2,1583,0,20
2120,335,3,282,7,1590,0,70
2121,335,3,283,8,1598,0,80
2122,335,3,284,4,1602,261,40
2123,335,3,285,4,1606,0,40
2124,335,3,286,5,1611,0,50
2125,335,3,287,3,1614,0,30
2126,335,3,288,5,1619,0,50
2127,335,3,289,7,1626,0,70
2128,335,3,290,5,1631,0,50
2129,335,3,291,7,1638,0,70
2130,335,3,292,6,1644,0,60
2131,335,3,293,7,1651,0,70
2132,335,3,294,4,1655,0,40
2133,335,3,295,7,1662,0,70
2134,335,3,296,6,1668,0,60
2135,335,3,297,3,1671,0,30
2136,335,3,298,3,1674,0,30
2137,335,3,299,9,1683,0,90
2138,335,3,300,3,1686,847,30
2139,335,3,301,8,1694,0,80
2140,335,3,302,4,1698,0,40
2141,335,3,303,4,1702,0,40
2142,335,3,304,3,1705,0,30
2143,335,3,305,2,1707,0,20
2144,335,3,306,9,1716,0,90
2145,335,3,307,7,1723,362,70
2146,335,3,308,8,1731,0,80
2147,335,3,309,6,1737,0,60
2148,335,3,310,3,1740,0,30
2149,335,3,311,6,1746,0,60
2150,335,3,312,4,1750,0,40
2151,335,3,313,2,1752,0,20
2152,335,3,314,6,1758,0,60
2153,335,3,315,2,1760,0,20
2154,335,3,316,9,1769,0,90
2155,335,3,317,8,1777,0,80
2156,335,3,318,6,1783,0,60
2157,335,3,319,4,1787,0,40
2158,335,3,320,4,1791,635,40
2159,335,3,321,8,1799,0,80
2160,335,3,322,6,1805,0,60
2161,335,3,323,3,1808,0,30
2162,335,3,324,3,1811,0,30
2163,335,3,325,8,1819,0,80
2164,335,3,326,8,1827,0,80
2165,335,3,327,3,1830,0,30
2166,335,3,328,2,1832,0,20
2167,335,3,329,3,1835,0,30
2168,335,3,330,8,1843,0,80
2169,335,3,331,3,1846,574,30
2170,335,3,332,8,1854,0,80
2171,335,3,333,2,1856,0,20
2172,335,3,334,2,1858,0,20
2173,335,3,335,9,1867,0,90
2174,335,3,336,9,1876,0,90
2175,335,3,337,2,1878,0,20
2176,335,3,338,7,1885,0,70
2177,335,3,339,7,1892,0,70
2178,335,3,340,9,1901,0,90
2179,335,3,341,6,1907,0,60
2180,335,3,342,2,1909,0,20
2181,335,3,343,6,1915,0,60
2182,335,3,344,5,1920,0,50
2183,335,3,345,4,1924,0,40
2184,335,3,346,5,1929,0,50
2185,335,3,347,7,1936,0,70
2186,335,3,348,7,1943,0,70
2187,335,3,349,5,1948,0,50
2188,335,3,350,9,1957,0,90
2189,335,3,351,7,1964,0,70
2190,335,3,352,4,1968,0,40
2191,335,3,353,4,1972,0,40
2192,335,3,354,7,1979,0,70
2193,335,3,355,8,1987,1445,80
2194,335,3,356,3,1990,0,30
2195,335,3,357,4,1994,62,40
2196,335,3,358,4,1998,0,40
2197,335,3,359,8,2006,0,80
2198,335,3,360,2,2008,142,20
2199,335,3,361,9,2017,0,90
2200,335,3,362,8,2025,0,80
2201,335,3,363,5,2030,0,50
2202,335,3,364,2,2032,0,20
2203,335,3,365,8,2040,313,80
2204,335,3,366,3,2043,0,30
2205,335,3,367,6,2049,0,60
2206,335,3,368,7,2056,0,70
2207,335,3,369,4,2060,0,40
2208,335,3,370,2,2062,0,20
2209,335,3,371,3,2065,0,30
2210,335,3,372,2,2067,0,20
2211,335,3,373,6,2073,0,60
2212,335,3,374,9,2082,0,90
2213,335,3,375,3,2085,0,30
2214,335,3,376,7,2092,0,70
2215,335,3,377,8,2100,0,80
2216,335,3,378,6,2106,0,60
2217,335,3,379,8,2114,0,80
2218,335,3,380,8,2122,0,80
2219,335,3,381,8,2130,0,80
2220,335,3,382,6,2136,0,60
2221,335,3,383,9,2145,0,90
2222,335,3,384,6,2151,0,60
2223,335,3,385,4,2155,0,40
2224,335,3,386,2,2157,0,20
2225,335,3,387,9,2166,0,90
2226,335,3,388,7,2173,0,70
2227,335,3,389,7,2180,0,70
2228,335,3,390,8,2188,0,80
2229,335,3,391,2,2190,0,20
2230,335,3,392,4,2194,0,40
2231,335,3,393,3,2197,0,30
2232,335,3,394,5,2202,0,50
2233,335,3,395,8,2210,1664,80
2234,335,3,396,6,2216,0,60
2235,335,3,397,2,2218,0,20
2236,335,3,398,6,2224,0,60
2237,335,3,399,6,2230,0,60
2238,335,3,400,4,2234,0,40
2239,335,3,401,9,2243,0,90
2240,335,3,402,6,2249,0,60
2241,335,3,403,9,2258,0,90
2242,335,3,404,6,2264,0,60
2243,335,3,405,5,2269,0,50
2244,335,3,406,3,2272,0,30
2245,335,3,407,7,2279,0,70
2246,335,3,408,5,2284,706,50
2247,335,3,409,6,2290,0,60
2248,335,3,410,9,2299,0,90
2249,335,3,411,6,2305,0,60
2250,335,3,412,5,2310,0,50
2251,335,3,413,5,2315,0,50
2252,335,3,414,7,2322,0,70
2253,335,3,415,4,2326,0,40
2254,335,3,416,9,2335,0,90
2255,335,3,417,7,2342,591,70
2256,335,3,418,7,2349,0,70
2257,335,3,419,8,2357,148,80
2258,335,3,420,2,2359,0,20
2259,335,3,421,7,2366,0,70
2260,335,3,422,3,2369,0,30
2261,335,3,423,4,2373,0,40
2262,335,3,424,8,2381,0,80
2263,335,3,425,4,2385,0,40
2264,335,3,426,5,2390,309,50
2265,335,3,427,5,2395,0,50
2266,335,3,428,5,2400,0,50
2267,335,3,429,6,2406,0,60
2268,335,3,430,5,2411,0,50
2269,335,3,431,5,2416,276,50
2270,335,3,432,5,2421,0,50
2271,335,3,433,9,2430,0,90
2272,335,3,434,6,2436,0,60
2273,335,3,435,5,2441,0,50
2274,335,3,436,9,2450,0,90
2275,335,3,437,4,2454,392,40
2276,335,3,438,6,2460,0,60
2277,335,3,439,4,2464,0,40
2278,335,3,440,2,2466,0,20
2279,335,3,441,4,2470,0,40
2280,335,3,442,6,2476,229,60
2281,335,3,443,6,2482,0,60
2282,335,3,444,9,2491,0,90
2283,335,3,445,3,2494,0,30
2284,335,3,446,3,2497,0,30
2285,335,3,447,2,2499,0,20
2286,335,3,448,5,2504,0,50
2287,335,3,449,4,2508,0,40
2288,335,3,450,2,2510,0,20
2289,335,3,451,9,2519,0,90
2290,335,3,452,6,2525,0,60
2291,335,3,453,4,2529,0,40
2292,335,3,454,7,2536,0,70
2293,335,3,455,8,2544,0,80
2294,335,3,456,6,2550,0,60
2295,335,3,457,3,2553,780,30
2296,335,3,458,3,2556,0,30
2297,335,3,459,2,2558,0,20
2298,335,3,460,2,2560,0,20
2299,335,3,461,4,2564,0,40
2300,335,3,462,7,2571,0,70
2301,335,3,463,2,2573,195,20
2302,335,3,464,3,2576,0,30
2303,335,3,465,3,2579,0,30
2304,335,3,466,9,2588,0,90
2305,335,3,467,8,2596,0,80
2306,335,3,468,7,2603,0,70
2307,335,3,469,8,2611,0,80
2308,335,3,470,8,2619,0,80
2309,335,3,471,3,2622,0,30
2310,335,3,472,2,2624,462,20
2311,335,3,473,6,2630,0,60
2312,335,3,474,8,2638,0,80
2313,335,3,475,4,2642,0,40
2314,335,3,476,7,2649,237,70
2315,335,3,477,2,2651,0,20
2316,335,3,478,3,2654,67,30
2317,335,3,479,4,2658,0,40
2318,335,3,480,4,2662,0,40
2319,335,3,481,7,2669,0,70
2320,335,3,482,7,2676,210,70
2321,335,3,483,2,2678,0,20
2322,335,3,484,7,2685,0,70
2323,335,3,485,9,2694,0,90
2324,335,3,486,5,2699,0,50
2325,335,3,487,2,2701,0,20
2326,335,3,488,9,2710,0,90
2327,335,3,489,3,2713,0,30
2328,335,3,490,5,2718,0,50
2329,335,3,491,2,2720,0,20
2330,335,3,492,3,2723,0,30
2331,335,3,493,4,2727,0,40
2332,335,3,494,2,2729,0,20
2333,335,3,495,7,2736,0,70
2334,335,3,496,8,2744,0,80
2335,335,3,497,4,2748,0,40
2336,335,3,498,2,2750,0,20
2337,335,3,499,4,2754,0,40
2338,335,3,500,5,2759,0,50
2339,335,3,501,6,2765,0,60
2340,335,3,502,2,2767,0,20
2341,335,3,503,7,2774,0,70
2342,335,3,504,8,2782,0,80
2343,335,3,505,2,2784,0,20
2344,335,3,506,8,2792,0,80
2345,335,3,507,3,2795,1131,30
2346,335,3,508,2,2797,0,20
2347,335,3,509,2,2799,0,20
2348,335,3,510,9,2808,0,90
2349,335,3,511,3,2811,0,30
2350,335,3,512,4,2815,210,40
2351,335,3,513,7,2822,0,70
2352,335,3,514,8,2830,0,80
2353,335,3,515,2,2832,0,20
2354,335,3,516,3,2835,205,30
2355,335,3,517,3,2838,0,30
2356,335,3,518,7,2845,0,70
2357,335,3,519,9,2854,185,90
2358,335,3,520,9,2863,0,90
2359,335,3,521,2,2865,0,20
2360,335,3,522,4,2869,0,40
2361,335,3,523,7,2876,0,70
2362,335,3,524,5,2881,0,50
2363,335,3,525,8,2889,0,80
2364,335,3,526,7,2896,0,70
2365,335,3,527,6,2902,0,60
2366,335,3,528,9,2911,0,90
2367,335,3,529,4,2915,0,40
2368,335,3,530,3,2918,0,30
2369,335,3,531,5,2923,0,50
2370,335,3,532,6,2929,0,60
2371,335,3,533,8,2937,0,80
2372,335,3,534,5,2942,0,50
2373,335,3,535,7,2949,0,70
2374,335,3,536,8,2957,0,80
2375,335,3,537,5,2962,0,50
2376,335,3,538,8,2970,0,80
2377,335,3,539,5,2975,0,50
2378,335,3,540,3,2978,0,30
2379,335,3,541,9,2987,0,90
2380,335,3,542,9,2996,0,90
2381,335,3,543,5,3001,0,50
2382,335,3,544,2,3003,0,20
2383,335,3,545,3,3006,0,30
2384,335,3,546,6,3012,0,60
2385,335,3,547,9,3021,0,90
2386,335,3,548,5,3026,0,50
2387,335,3,549,8,3034,0,80
2388,335,3,550,8,3042,0,80
2389,335,3,551,5,3047,0,50
2390,335,3,552,4,3051,0,40
2391,335,3,553,8,3059,0,80
2392,335,3,554,4,3063,0,40
2393,335,3,555,7,3070,0,70
2394,335,3,556,7,3077,0,70
2395,335,3,557,5,3082,0,50
2396,335,3,558,2,3084,0,20
2397,335,3,559,8,3092,0,80
2398,335,3,560,8,3100,2417,80
2399,335,3,561,2,3102,23,20
2400,335,3,562,2,3104,18,20
2401,335,3,563,2,3106,0,20
2402,335,3,564,9,3115,0,90
2403,335,3,565,2,3117,0,20
2404,335,3,566,2,3119,0,20
2405,335,3,567,3,3122,0,30
2406,335,3,568,3,3125,0,30
2407,335,3,569,9,3134,0,90
2408,335,3,570,9,3143,0,90
2409,335,3,571,2,3145,0,20
2410,335,3,572,4,3149,0,40
2411,335,3,573,2,3151,495,20
2412,335,3,574,7,3158,0,70
2413,335,3,575,9,3167,0,90
2414,335,3,576,7,3174,0,70
2415,335,3,577,6,3180,0,60
2416,335,3,578,3,3183,0,30
2417,335,3,579,4,3187,0,40
2418,335,3,580,7,3194,0,70
2419,335,3,581,6,3200,0,60
2420,335,3,582,2,3202,0,20
2421,335,3,583,6,3208,0,60
2422,335,3,584,4,3212,0,40
2423,335,3,585,7,3219,672,70
2424,335,3,586,8,3227,0,80
2425,335,3,587,7,3234,0,70
2426,335,3,588,3,3237,0,30
2427,335,3,589,7,3244,0,70
2428,335,3,590,3,3247,0,30
2429,335,3,591,7,3254,0,70
2430,335,3,592,5,3259,0,50
2431,335,3,593,6,3265,0,60
2432,335,3,594,7,3272,0,70
2433,335,3,595,3,3275,0,30
2434,335,3,596,8,3283,0,80
2435,335,3,597,9,3292,0,90
2436,335,3,598,8,3300,0,80
2437,335,3,599,3,3303,0,30
2438,335,3,600,2,3305,0,20
2439,335,3,601,9,3314,0,90
2440,335,3,602,9,3323,1040,90
2441,335,3,603,7,3330,0,70
2442,335,3,604,2,3332,0,20
2443,335,3,605,9,3341,0,90
2444,335,3,606,2,3343,0,20
2445,335,3,607,9,3352,0,90
2446,335,3,608,4,3356,0,40
2447,335,3,609,8,3364,0,80
2448,335,3,610,6,3370,0,60
2449,335,3,611,8,3378,0,80
2450,335,3,612,5,3383,0,50
2451,335,3,613,4,3387,0,40
2452,335,3,614,4,3391,0,40
2453,335,3,615,2,3393,0,20
2454,335,3,616,2,3395,0,20
2455,335,3,617,2,3397,0,20
2456,335,3,618,8,3405,0,80
2457,335,3,619,9,3414,0,90
2458,335,3,620,6,3420,0,60
2459,335,3,621,9,3429,0,90
2460,335,3,622,4,3433,0,40
2461,335,3,623,5,3438,0,50
2462,335,3,624,3,3441,0,30
2463,335,3,625,8,3449,0,80
2464,335,3,626,9,3458,0,90
2465,335,3,627,4,3462,1317,40
2466,335,3,628,4,3466,0,40
2467,335,3,629,8,3474,0,80
2468,335,3,630,2,3476,0,20
2469,335,3,631,4,3480,0,40
2470,335,3,632,4,3484,0,40
2471,335,3,633,9,3493,0,90
2472,335,3,634,7,3500,0,70
2473,335,3,635,2,3502,0,20
2474,335,3,636,9,3511,533,90
2475,335,3,637,7,3518,0,70
2476,335,3,638,4,3522,0,40
2477,335,3,639,9,3531,0,90
2478,335,3,640,8,3539,0,80
2479,335,3,641,7,3546,0,70
2480,335,3,642,9,3555,475,90
2481,335,3,643,6,3561,0,60
2482,335,3,644,9,3570,0,90
2483,335,3,645,4,3574,0,40
2484,335,3,646,5,3579,223,50
2485,335,3,647,6,3585,0,60
2486,335,3,648,8,3593,0,80
2487,335,3,649,5,3598,203,50
2488,335,3,650,3,3601,28,30
2489,335,3,651,4,3605,0,40
2490,335,3,652,2,3607,0,20
2491,335,3,653,2,3609,0,20
2492,335,3,654,4,3613,0,40
2493,335,3,655,3,3616,0,30
2494,335,3,656,7,3623,0,70
2495,335,3,657,8,3631,0,80
2496,335,3,658,8,3639,0,80
2497,335,3,659,8,3647,0,80
2498,335,3,660,9,3656,0,90
2499,335,3,661,9,3665,0,90
2500,335,3,662,9,3674,0,90
2501,335,3,663,8,3682,0,80
2502,335,3,664,7,3689,0,70
2503,335,3,665,4,3693,0,40
2504,335,3,666,5,3698,0,50
2505,335,3,667,8,3706,0,80
2506,335,3,668,4,3710,0,40
2507,335,3,669,9,3719,0,90
2508,335,3,670,4,3723,1248,40
2509,335,3,671,9,3732,0,90
2510,335,3,672,2,3734,0,20
2511,335,3,673,3,3737,0,30
2512,335,3,674,5,3742,0,50
2513,335,3,675,9,3751,0,90
2514,335,3,676,5,3756,0,50
2515,335,3,677,4,3760,0,40
2516,335,3,678,8,3768,453,80
2517,335,3,679,6,3774,0,60
2518,335,3,680,5,3779,0,50
2519,335,3,681,2,3781,0,20
2520,335,3,682,7,3788,0,70
2521,335,3,683,9,3797,0,90
2522,335,3,684,9,3806,0,90
2523,335,3,685,8,3814,0,80
2524,335,3,686,2,3816,495,20
2525,335,3,687,9,3825,0,90
2526,335,3,688,9,3834,0,90
2527,335,3,689,6,3840,0,60
2528,335,3,690,8,3848,0,80
2529,335,3,691,9,3857,0,90
2530,335,3,692,8,3865,0,80
2531,335,3,693,8,3873,0,80
2532,335,3,694,5,3878,0,50
2533,335,3,695,7,3885,0,70
2534,335,3,696,4,3889,0,40
2535,335,3,697,7,3896,0,70
2536,335,3,698,7,3903,0,70
2537,335,3,699,3,3906,0,30
2538,335,3,700,6,3912,0,60
2539,335,3,701,4,3916,0,40
2540,335,3,702,2,3918,0,20
2541,335,3,703,6,3924,0,60
2542,335,3,704,6,3930,0,60
2543,335,3,705,9,3939,0,90
2544,335,3,706,8,3947,0,80
2545,335,3,707,5,3952,0,50
2546,335,3,708,9,3961,0,90
2547,335,3,709,8,3969,0,80
2548,335,3,710,2,3971,0,20
2549,335,3,711,4,3975,0,40
2550,335,3,712,9,3984,0,90
2551,335,3,713,6,3990,0,60
2552,335,3,714,9,3999,0,90
2553,335,3,715,8,4007,0,80
2554,335,3,716,8,4015,0,80
2555,335,3,717,2,4017,0,20
2556,335,3,718,6,4023,0,60
2557,335,3,719,4,4027,0,40
2558,335,3,720,7,4034,0,70
2559,335,3,721,2,4036,0,20
2560,335,3,722,3,4039,0,30
2561,335,3,723,9,4048,0,90
2562,335,3,724,5,4053,0,50
2563,335,3,725,4,4057,0,40
2564,335,3,726,6,4063,0,60
2565,335,3,727,6,4069,2547,60
2566,335,3,728,6,4075,0,60
2567,335,3,729,4,4079,0,40
2568,335,3,730,3,4082,0,30
2569,335,3,731,5,4087,0,50
2570,335,3,732,8,4095,0,80
2571,335,3,733,7,4102,0,70
2572,335,3,734,8,4110,0,80
2573,335,3,735,9,4119,0,90
2574,335,3,736,9,4128,604,90
2575,335,3,737,5,4133,0,50
2576,335,3,738,4,4137,0,40
2577,335,3,739,2,4139,0,20
2578,335,3,740,5,4144,0,50
2579,335,3,741,2,4146,0,20
2580,335,3,742,7,4153,0,70
2581,335,3,743,9,4162,0,90
2582,335,3,744,5,4167,0,50
2583,335,3,745,8,4175,0,80
2584,335,3,746,6,4181,0,60
2585,335,3,747,9,4190,0,90
2586,335,3,748,7,4197,0,70
2587,335,3,749,8,4205,722,80
2588,335,3,750,2,4207,0,20
2589,335,3,751,5,4212,0,50
2590,335,3,752,2,4214,0,20
2591,335,3,753,8,4222,0,80
2592,335,3,754,5,4227,0,50
2593,335,3,755,6,4233,0,60
2594,335,3,756,7,4240,0,70
2595,335,3,757,5,4245,0,50
2596,335,3,758,8,4253,436,80
2597,335,3,759,5,4258,0,50
2598,335,3,760,3,4261,0,30
2599,335,3,761,9,4270,0,90
2600,335,3,762,4,4274,0,40
2601,335,3,763,9,4283,0,90
2602,335,3,764,3,4286,0,30
2603,335,3,765,8,4294,0,80
2604,335,3,766,7,4301,0,70
2605,335,3,767,4,4305,510,40
2606,335,3,768,9,4314,0,90
2607,335,3,769,9,4323,0,90
2608,335,3,770,7,4330,0,70
2609,335,3,771,2,4332,0,20
2610,335,3,772,3,4335,0,30
2611,335,3,773,3,4338,0,30
2612,335,3,774,9,4347,0,90
2613,335,3,775,3,4350,0,30
2614,335,3,776,6,4356,0,60
2615,335,3,777,4,4360,0,40
2616,335,3,778,4,4364,0,40
2617,335,3,779,4,4368,0,40
2618,335,3,780,6,4374,0,60
2619,335,3,781,3,4377,0,30
2620,335,3,782,3,4380,767,30
2621,335,3,783,6,4386,0,60
2622,335,3,784,9,4395,0,90
2623,335,3,785,2,4397,0,20
2624,335,3,786,8,4405,0,80
2625,335,3,787,3,4408,0,30
2626,335,3,788,4,4412,328,40
2627,335,3,789,6,4418,0,60
2628,335,3,790,7,4425,0,70
2629,335,3,791,5,4430,0,50
2630,335,3,792,3,4433,0,30
2631,335,3,793,3,4436,0,30
2632,335,3,794,4,4440,0,40
2633,335,3,795,5,4445,0,50
2634,335,3,796,8,4453,0,80
2635,335,3,797,4,4457,0,40
2636,335,3,798,2,4459,0,20
2637,335,3,799,6,4465,0,60
2638,335,3,800,7,4472,0,70
2639,335,3,801,3,4475,0,30
2640,335,3,802,7,4482,705,70
2641,335,3,803,3,4485,0,30
2642,335,3,804,7,4492,0,70
2643,335,3,805,5,4497,0,50
2644,335,3,806,4,4501,0,40
2645,335,3,807,5,4506,0,50
2646,335,3,808,5,4511,262,50
2647,335,3,809,3,4514,0,30
2648,335,3,810,2,4516,0,20
2649,335,3,811,3,4519,70,30
2650,335,3,812,5,4524,0,50
2651,335,3,813,8,4532,0,80
2652,335,3,814,6,4538,0,60
2653,335,3,815,6,4544,0,60
2654,335,3,816,2,4546,0,20
2655,335,3,817,9,4555,0,90
2656,335,3,818,9,4564,0,90
2657,335,3,819,8,4572,0,80
2658,335,3,820,7,4579,0,70
2659,335,3,821,8,4587,725,80
2660,335,3,822,7,4594,0,70
2661,335,3,823,8,4602,155,80
2662,335,3,824,2,4604,0,20
2663,335,3,825,2,4606,0,20
2664,335,3,826,3,4609,0,30
2665,335,3,827,9,4618,0,90
2666,335,3,828,5,4623,0,50
2667,335,3,829,4,4627,0,40
2668,335,3,830,5,4632,0,50
2669,335,3,831,9,4641,0,90
2670,335,3,832,2,4643,379,20
2671,335,3,833,5,4648,0,50
2672,335,3,834,8,4656,0,80
2673,335,3,835,3,4659,0,30
2674,335,3,836,9,4668,0,90
2675,335,3,837,4,4672,0,40
2676,335,3,838,2,4674,0,20
2677,335,3,839,3,4677,0,30
2678,335,3,840,3,4680,0,30
2679,335,3,841,5,4685,0,50
2680,335,3,842,8,4693,0,80
2681,335,3,843,8,4701,623,80
2682,335,3,844,4,4705,0,40
2683,335,3,845,4,4709,73,40
2684,335,3,846,8,4717,0,80
2685,335,3,847,6,4723,0,60
2686,335,3,848,4,4727,0,40
2687,335,3,849,2,4729,0,20
2688,335,3,850,7,4736,0,70
2689,335,3,851,5,4741,0,50
2690,335,3,852,2,4743,0,20
2691,335,3,853,5,4748,0,50
2692,335,3,854,3,4751,0,30
2693,335,3,855,2,4753,0,20
2694,335,3,856,5,4758,502,50
2695,335,3,857,7,4765,0,70
2696,335,3,858,7,4772,132,70
2697,335,3,859,8,4780,0,80
2698,335,3,860,9,4789,0,90
2699,335,3,861,2,4791,0,20
2700,335,3,862,6,4797,0,60
2701,335,3,863,7,4804,0,70
2702,335,3,864,3,4807,0,30
2703,335,3,865,6,4813,0,60
2704,335,3,866,7,4820,0,70
2705,335,3,867,5,4825,0,50
2706,335,3,868,2,4827,0,20
2707,335,3,869,9,4836,0,90
2708,335,3,870,4,4840,0,40
2709,335,3,871,6,4846,0,60
2710,335,3,872,3,4849,0,30
2711,335,3,873,3,4852,0,30
2712,335,3,874,4,4856,0,40
2713,335,3,875,8,4864,0,80
2714,335,3,876,7,4871,965,70
2715,335,3,877,8,4879,77,80
2716,335,3,878,5,4884,48,50
2717,335,3,879,9,4893,0,90
2718,335,3,880,6,4899,0,60
2719,335,3,881,7,4906,0,70
2720,335,3,882,6,4912,269,60
2721,335,3,883,8,4920,0,80
2722,335,3,884,7,4927,0,70
2723,335,3,885,8,4935,0,80
2724,335,3,886,7,4942,275,70
2725,335,3,887,2,4944,0,20
2726,335,3,888,8,4952,0,80
2727,335,3,889,4,4956,0,40
2728,335,3,890,6,4962,0,60
2729,335,3,891,6,4968,0,60
2730,335,3,892,8,4976,0,80
2731,335,3,893,4,4980,0,40
2732,335,3,894,9,4989,0,90
2733,335,3,895,9,4998,0,90
